{
    "Baseline (S_b)": {
        "loss": 4.6123451171875,
        "accuracy": 1.18,
        "f1_score": 0.008228798412724333,
        "precision": 0.015315876768337471,
        "recall": 0.011800000000000001,
        "ece": 0.0019939448684453964
    },
    "Distilled (S_d)": {
        "loss": 4.61628671875,
        "accuracy": 1.07,
        "f1_score": 0.005824942294458634,
        "precision": 0.007187192501943449,
        "recall": 0.010700000000000003,
        "ece": 0.002056347206234932
    },
    "Mutual (S_m)": {
        "loss": 4.60721328125,
        "accuracy": 1.19,
        "f1_score": 0.007413191260857943,
        "precision": 0.009903795588843772,
        "recall": 0.011899999999999999,
        "ece": 0.002040269086137414
    },
    "MetaStudent (S_meta)": {
        "loss": 4.59940390625,
        "accuracy": 1.26,
        "f1_score": 0.0068804823385168945,
        "precision": 0.01021570435910795,
        "recall": 0.0126,
        "ece": 0.0015906738117337227
    }
}