{
    "loss": 0.2129241755127907,
    "accuracy": 93.93,
    "f1_score": 0.9392613100955647,
    "precision": 0.939412967642666,
    "recall": 0.9392999999999999,
    "ece": 0.016126444563269615
}