{
    "train_loss": [
        0.9749486019665544,
        0.681572872298685,
        0.5859938666055148,
        0.5269159707664088,
        0.48844802972267976,
        0.44926787523383444,
        0.4199003995904191,
        0.39167346233840694,
        0.3714065062390132,
        0.35083899600431323,
        0.3330297907391055,
        0.31732108376242896,
        0.2978152764580128,
        0.2810187793590806,
        0.26870737461881206,
        0.2492682735901326,
        0.23637997437353162,
        0.22268944574435326,
        0.21131279014728285,
        0.19513205064206637,
        0.18386674831113356,
        0.17360786642794582,
        0.16510174162050878,
        0.15290833282580768,
        0.1410564467289739,
        0.130996073119935
    ],
    "train_acc": [
        66.19111111111111,
        76.69777777777777,
        79.97333333333333,
        82.00888888888889,
        83.33111111111111,
        84.56888888888889,
        85.66222222222223,
        86.74,
        87.34444444444445,
        87.83111111111111,
        88.73777777777778,
        89.19333333333333,
        89.89333333333333,
        90.28444444444445,
        90.95333333333333,
        91.34222222222222,
        91.92222222222222,
        92.32444444444444,
        92.72666666666667,
        93.31777777777778,
        93.66888888888889,
        94.10888888888888,
        94.29333333333334,
        94.85111111111111,
        95.18888888888888,
        95.55555555555556
    ],
    "val_loss": [
        0.833295202255249,
        0.638255400210619,
        0.5550060175359249,
        0.6421737775206566,
        0.5319301649928093,
        0.48988834470510484,
        0.44874230697751044,
        0.5354864135384559,
        0.47318672984838483,
        0.45187985263764857,
        0.45036259964108466,
        0.4369638808071613,
        0.38899405002593995,
        0.4006573289632797,
        0.3846270363777876,
        0.36492562033236026,
        0.385230590775609,
        0.38925724737346173,
        0.369496314227581,
        0.4033070754259825,
        0.38308352828025816,
        0.39563600458204745,
        0.3962444931268692,
        0.3840611271560192,
        0.3999600298702717,
        0.4027020540088415
    ],
    "val_acc": [
        72.12,
        78.12,
        80.84,
        78.56,
        81.26,
        82.82,
        84.1,
        82.82,
        84.0,
        84.94,
        84.56,
        85.54,
        87.22,
        86.66,
        87.54,
        87.84,
        87.6,
        87.66,
        88.14,
        87.92,
        88.36,
        88.1,
        87.54,
        88.14,
        88.1,
        88.28
    ],
    "val_f1": [
        0.7117969704699652,
        0.7763528497100418,
        0.8068171360062202,
        0.7853503930442842,
        0.8145194365526505,
        0.8284488464498644,
        0.8401450111417775,
        0.8261009489345834,
        0.8378374647162239,
        0.8474012136347095,
        0.8452572796205944,
        0.854879397847915,
        0.8714071573149408,
        0.8676586181202683,
        0.8729995427732552,
        0.8786156431215936,
        0.8745207537779345,
        0.8747827647953548,
        0.8802405628198233,
        0.876673930301623,
        0.8822285311597191,
        0.8800525285724279,
        0.8750906149822562,
        0.8809522914773836,
        0.8810448317781778,
        0.8819276833890599
    ],
    "val_ece": [
        0.04465644806623459,
        0.03683976083993912,
        0.02576368674635887,
        0.06480643898248672,
        0.03876473382115364,
        0.023171698674559593,
        0.02483353577554226,
        0.041232481598854065,
        0.04359202831983566,
        0.04885091260075569,
        0.04919912666082382,
        0.048390574753284454,
        0.033901818096637726,
        0.0421798899769783,
        0.0362606979906559,
        0.03134286403656006,
        0.04346439242362976,
        0.04375171288847923,
        0.04303808510303497,
        0.04782158136367798,
        0.049983978271484375,
        0.05379316583275795,
        0.05581215023994446,
        0.047258295118808746,
        0.05771040543913841,
        0.05776391550898552
    ],
    "cal_weights": [
        0.0033333333333333335,
        0.006666666666666667,
        0.010000000000000002,
        0.013333333333333334,
        0.016666666666666666,
        0.020000000000000004,
        0.023333333333333334,
        0.02666666666666667,
        0.030000000000000002,
        0.03333333333333333,
        0.03666666666666667,
        0.04000000000000001,
        0.043333333333333335,
        0.04666666666666667,
        0.05,
        0.05333333333333334,
        0.05666666666666667,
        0.060000000000000005,
        0.06333333333333334,
        0.06666666666666667,
        0.07,
        0.07333333333333333,
        0.07666666666666667,
        0.08000000000000002,
        0.08333333333333333,
        0.08666666666666667
    ],
    "best_epoch": 16
}