{
    "model_name": "densenet",
    "accuracy": 93.71000000000001,
    "f1_score": 93.72673294984108,
    "precision": 93.83527051359042,
    "recall": 93.70999999999998,
    "ece": 0.006689212065935134,
    "mce": 0.2423095703125,
    "ace": 0.05562875668207804,
    "rmsce": 0.09117319015379888,
    "per_class_accuracy": [
        88.6,
        97.8,
        93.4,
        90.4,
        93.2,
        89.8,
        95.5,
        95.7,
        97.39999999999999,
        95.3
    ]
}