{
    "model_name": "resnet",
    "accuracy": 92.17999999999999,
    "f1_score": 92.14685111586526,
    "precision": 92.15290853849727,
    "recall": 92.17999999999999,
    "ece": 0.004005139005184174,
    "mce": 0.09744909405708313,
    "ace": 0.02441638211409251,
    "rmsce": 0.037614534722174554,
    "per_class_accuracy": [
        94.0,
        94.89999999999999,
        90.5,
        81.10000000000001,
        93.0,
        88.4,
        94.6,
        95.3,
        95.7,
        94.3
    ]
}