{
    "model_name": "densenet",
    "accuracy": 96.76,
    "f1_score": 96.76101083873175,
    "precision": 96.78148527246788,
    "recall": 96.76,
    "ece": 0.018857933229207993,
    "mce": 0.380126953125,
    "ace": 0.17329543828964233,
    "rmsce": 0.054919227068496,
    "per_class_accuracy": [
        97.0,
        98.9,
        95.5,
        92.80000000000001,
        98.7,
        94.0,
        98.6,
        96.89999999999999,
        98.3,
        96.89999999999999
    ]
}