{
    "model_name": "baseline_ed",
    "accuracy": 96.09,
    "f1_score": 96.09655751744506,
    "precision": 96.11344699520588,
    "recall": 96.09,
    "ece": 0.021766725343465805,
    "mce": 0.2598069906234741,
    "ace": 0.14908970892429352,
    "rmsce": 0.05910811632810488,
    "per_class_accuracy": [
        97.0,
        98.2,
        94.89999999999999,
        93.7,
        95.6,
        93.0,
        96.8,
        97.39999999999999,
        97.89999999999999,
        96.39999999999999
    ]
}