{
    "apple": {
        "precision": 0.8585858585858586,
        "recall": 0.85,
        "f1-score": 0.8542713567839196,
        "support": 100.0
    },
    "aquarium_fish": {
        "precision": 0.7156862745098039,
        "recall": 0.73,
        "f1-score": 0.7227722772277227,
        "support": 100.0
    },
    "baby": {
        "precision": 0.4152542372881356,
        "recall": 0.49,
        "f1-score": 0.44954128440366975,
        "support": 100.0
    },
    "bear": {
        "precision": 0.3684210526315789,
        "recall": 0.35,
        "f1-score": 0.358974358974359,
        "support": 100.0
    },
    "beaver": {
        "precision": 0.4019607843137255,
        "recall": 0.41,
        "f1-score": 0.40594059405940597,
        "support": 100.0
    },
    "bed": {
        "precision": 0.5943396226415094,
        "recall": 0.63,
        "f1-score": 0.6116504854368932,
        "support": 100.0
    },
    "bee": {
        "precision": 0.6176470588235294,
        "recall": 0.63,
        "f1-score": 0.6237623762376238,
        "support": 100.0
    },
    "beetle": {
        "precision": 0.6226415094339622,
        "recall": 0.66,
        "f1-score": 0.6407766990291263,
        "support": 100.0
    },
    "bicycle": {
        "precision": 0.7254901960784313,
        "recall": 0.74,
        "f1-score": 0.7326732673267327,
        "support": 100.0
    },
    "bottle": {
        "precision": 0.8111111111111111,
        "recall": 0.73,
        "f1-score": 0.7684210526315789,
        "support": 100.0
    },
    "bowl": {
        "precision": 0.43373493975903615,
        "recall": 0.36,
        "f1-score": 0.39344262295081966,
        "support": 100.0
    },
    "boy": {
        "precision": 0.42574257425742573,
        "recall": 0.43,
        "f1-score": 0.42786069651741293,
        "support": 100.0
    },
    "bridge": {
        "precision": 0.6574074074074074,
        "recall": 0.71,
        "f1-score": 0.6826923076923077,
        "support": 100.0
    },
    "bus": {
        "precision": 0.5294117647058824,
        "recall": 0.45,
        "f1-score": 0.4864864864864865,
        "support": 100.0
    },
    "butterfly": {
        "precision": 0.5263157894736842,
        "recall": 0.5,
        "f1-score": 0.5128205128205128,
        "support": 100.0
    },
    "camel": {
        "precision": 0.5423728813559322,
        "recall": 0.64,
        "f1-score": 0.5871559633027523,
        "support": 100.0
    },
    "can": {
        "precision": 0.5803571428571429,
        "recall": 0.65,
        "f1-score": 0.6132075471698113,
        "support": 100.0
    },
    "castle": {
        "precision": 0.8163265306122449,
        "recall": 0.8,
        "f1-score": 0.8080808080808081,
        "support": 100.0
    },
    "caterpillar": {
        "precision": 0.57,
        "recall": 0.57,
        "f1-score": 0.57,
        "support": 100.0
    },
    "cattle": {
        "precision": 0.625,
        "recall": 0.45,
        "f1-score": 0.5232558139534884,
        "support": 100.0
    },
    "chair": {
        "precision": 0.8163265306122449,
        "recall": 0.8,
        "f1-score": 0.8080808080808081,
        "support": 100.0
    },
    "chimpanzee": {
        "precision": 0.6754385964912281,
        "recall": 0.77,
        "f1-score": 0.719626168224299,
        "support": 100.0
    },
    "clock": {
        "precision": 0.5757575757575758,
        "recall": 0.57,
        "f1-score": 0.5728643216080402,
        "support": 100.0
    },
    "cloud": {
        "precision": 0.7211538461538461,
        "recall": 0.75,
        "f1-score": 0.7352941176470589,
        "support": 100.0
    },
    "cockroach": {
        "precision": 0.7222222222222222,
        "recall": 0.78,
        "f1-score": 0.75,
        "support": 100.0
    },
    "couch": {
        "precision": 0.49523809523809526,
        "recall": 0.52,
        "f1-score": 0.5073170731707317,
        "support": 100.0
    },
    "crab": {
        "precision": 0.5465116279069767,
        "recall": 0.47,
        "f1-score": 0.5053763440860215,
        "support": 100.0
    },
    "crocodile": {
        "precision": 0.449438202247191,
        "recall": 0.4,
        "f1-score": 0.42328042328042326,
        "support": 100.0
    },
    "cup": {
        "precision": 0.7865168539325843,
        "recall": 0.7,
        "f1-score": 0.7407407407407407,
        "support": 100.0
    },
    "dinosaur": {
        "precision": 0.5915492957746479,
        "recall": 0.42,
        "f1-score": 0.49122807017543857,
        "support": 100.0
    },
    "dolphin": {
        "precision": 0.6210526315789474,
        "recall": 0.59,
        "f1-score": 0.6051282051282051,
        "support": 100.0
    },
    "elephant": {
        "precision": 0.6,
        "recall": 0.54,
        "f1-score": 0.5684210526315789,
        "support": 100.0
    },
    "flatfish": {
        "precision": 0.5480769230769231,
        "recall": 0.57,
        "f1-score": 0.5588235294117647,
        "support": 100.0
    },
    "forest": {
        "precision": 0.59,
        "recall": 0.59,
        "f1-score": 0.59,
        "support": 100.0
    },
    "fox": {
        "precision": 0.5742574257425742,
        "recall": 0.58,
        "f1-score": 0.5771144278606966,
        "support": 100.0
    },
    "girl": {
        "precision": 0.45977011494252873,
        "recall": 0.4,
        "f1-score": 0.42780748663101603,
        "support": 100.0
    },
    "hamster": {
        "precision": 0.6631578947368421,
        "recall": 0.63,
        "f1-score": 0.6461538461538462,
        "support": 100.0
    },
    "house": {
        "precision": 0.58,
        "recall": 0.58,
        "f1-score": 0.58,
        "support": 100.0
    },
    "kangaroo": {
        "precision": 0.4485981308411215,
        "recall": 0.48,
        "f1-score": 0.463768115942029,
        "support": 100.0
    },
    "keyboard": {
        "precision": 0.8383838383838383,
        "recall": 0.83,
        "f1-score": 0.8341708542713567,
        "support": 100.0
    },
    "lamp": {
        "precision": 0.5714285714285714,
        "recall": 0.56,
        "f1-score": 0.5656565656565656,
        "support": 100.0
    },
    "lawn_mower": {
        "precision": 0.8131868131868132,
        "recall": 0.74,
        "f1-score": 0.774869109947644,
        "support": 100.0
    },
    "leopard": {
        "precision": 0.6521739130434783,
        "recall": 0.6,
        "f1-score": 0.625,
        "support": 100.0
    },
    "lion": {
        "precision": 0.6631578947368421,
        "recall": 0.63,
        "f1-score": 0.6461538461538462,
        "support": 100.0
    },
    "lizard": {
        "precision": 0.2727272727272727,
        "recall": 0.33,
        "f1-score": 0.2986425339366516,
        "support": 100.0
    },
    "lobster": {
        "precision": 0.5425531914893617,
        "recall": 0.51,
        "f1-score": 0.5257731958762887,
        "support": 100.0
    },
    "man": {
        "precision": 0.38636363636363635,
        "recall": 0.34,
        "f1-score": 0.3617021276595745,
        "support": 100.0
    },
    "maple_tree": {
        "precision": 0.6153846153846154,
        "recall": 0.64,
        "f1-score": 0.6274509803921569,
        "support": 100.0
    },
    "motorcycle": {
        "precision": 0.8055555555555556,
        "recall": 0.87,
        "f1-score": 0.8365384615384616,
        "support": 100.0
    },
    "mountain": {
        "precision": 0.6952380952380952,
        "recall": 0.73,
        "f1-score": 0.7121951219512195,
        "support": 100.0
    },
    "mouse": {
        "precision": 0.32,
        "recall": 0.32,
        "f1-score": 0.32,
        "support": 100.0
    },
    "mushroom": {
        "precision": 0.5625,
        "recall": 0.54,
        "f1-score": 0.5510204081632653,
        "support": 100.0
    },
    "oak_tree": {
        "precision": 0.6236559139784946,
        "recall": 0.58,
        "f1-score": 0.6010362694300518,
        "support": 100.0
    },
    "orange": {
        "precision": 0.782608695652174,