{
    "apple": {
        "precision": 0.83,
        "recall": 0.83,
        "f1-score": 0.83,
        "support": 100.0
    },
    "aquarium_fish": {
        "precision": 0.7474747474747475,
        "recall": 0.74,
        "f1-score": 0.7437185929648241,
        "support": 100.0
    },
    "baby": {
        "precision": 0.4387755102040816,
        "recall": 0.43,
        "f1-score": 0.43434343434343436,
        "support": 100.0
    },
    "bear": {
        "precision": 0.4367816091954023,
        "recall": 0.38,
        "f1-score": 0.40641711229946526,
        "support": 100.0
    },
    "beaver": {
        "precision": 0.38,
        "recall": 0.38,
        "f1-score": 0.38,
        "support": 100.0
    },
    "bed": {
        "precision": 0.5217391304347826,
        "recall": 0.6,
        "f1-score": 0.5581395348837209,
        "support": 100.0
    },
    "bee": {
        "precision": 0.6194690265486725,
        "recall": 0.7,
        "f1-score": 0.6572769953051644,
        "support": 100.0
    },
    "beetle": {
        "precision": 0.5263157894736842,
        "recall": 0.6,
        "f1-score": 0.5607476635514018,
        "support": 100.0
    },
    "bicycle": {
        "precision": 0.7307692307692307,
        "recall": 0.76,
        "f1-score": 0.7450980392156863,
        "support": 100.0
    },
    "bottle": {
        "precision": 0.7254901960784313,
        "recall": 0.74,
        "f1-score": 0.7326732673267327,
        "support": 100.0
    },
    "bowl": {
        "precision": 0.5277777777777778,
        "recall": 0.38,
        "f1-score": 0.4418604651162791,
        "support": 100.0
    },
    "boy": {
        "precision": 0.40476190476190477,
        "recall": 0.34,
        "f1-score": 0.3695652173913043,
        "support": 100.0
    },
    "bridge": {
        "precision": 0.7040816326530612,
        "recall": 0.69,
        "f1-score": 0.696969696969697,
        "support": 100.0
    },
    "bus": {
        "precision": 0.5921052631578947,
        "recall": 0.45,
        "f1-score": 0.5113636363636364,
        "support": 100.0
    },
    "butterfly": {
        "precision": 0.47619047619047616,
        "recall": 0.6,
        "f1-score": 0.5309734513274337,
        "support": 100.0
    },
    "camel": {
        "precision": 0.4778761061946903,
        "recall": 0.54,
        "f1-score": 0.5070422535211268,
        "support": 100.0
    },
    "can": {
        "precision": 0.6185567010309279,
        "recall": 0.6,
        "f1-score": 0.6091370558375635,
        "support": 100.0
    },
    "castle": {
        "precision": 0.7314814814814815,
        "recall": 0.79,
        "f1-score": 0.7596153846153846,
        "support": 100.0
    },
    "caterpillar": {
        "precision": 0.5315315315315315,
        "recall": 0.59,
        "f1-score": 0.5592417061611374,
        "support": 100.0
    },
    "cattle": {
        "precision": 0.5833333333333334,
        "recall": 0.42,
        "f1-score": 0.4883720930232558,
        "support": 100.0
    },
    "chair": {
        "precision": 0.7657657657657657,
        "recall": 0.85,
        "f1-score": 0.8056872037914692,
        "support": 100.0
    },
    "chimpanzee": {
        "precision": 0.7008547008547008,
        "recall": 0.82,
        "f1-score": 0.7557603686635944,
        "support": 100.0
    },
    "clock": {
        "precision": 0.5955056179775281,
        "recall": 0.53,
        "f1-score": 0.5608465608465608,
        "support": 100.0
    },
    "cloud": {
        "precision": 0.7894736842105263,
        "recall": 0.75,
        "f1-score": 0.7692307692307693,
        "support": 100.0
    },
    "cockroach": {
        "precision": 0.6666666666666666,
        "recall": 0.78,
        "f1-score": 0.7188940092165899,
        "support": 100.0
    },
    "couch": {
        "precision": 0.5287356321839081,
        "recall": 0.46,
        "f1-score": 0.4919786096256685,
        "support": 100.0
    },
    "crab": {
        "precision": 0.5443037974683544,
        "recall": 0.43,
        "f1-score": 0.48044692737430167,
        "support": 100.0
    },
    "crocodile": {
        "precision": 0.38095238095238093,
        "recall": 0.48,
        "f1-score": 0.4247787610619469,
        "support": 100.0
    },
    "cup": {
        "precision": 0.7741935483870968,
        "recall": 0.72,
        "f1-score": 0.7461139896373057,
        "support": 100.0
    },
    "dinosaur": {
        "precision": 0.6375,
        "recall": 0.51,
        "f1-score": 0.5666666666666667,
        "support": 100.0
    },
    "dolphin": {
        "precision": 0.5333333333333333,
        "recall": 0.56,
        "f1-score": 0.5463414634146342,
        "support": 100.0
    },
    "elephant": {
        "precision": 0.6105263157894737,
        "recall": 0.58,
        "f1-score": 0.5948717948717949,
        "support": 100.0
    },
    "flatfish": {
        "precision": 0.6041666666666666,
        "recall": 0.58,
        "f1-score": 0.5918367346938775,
        "support": 100.0
    },
    "forest": {
        "precision": 0.5858585858585859,
        "recall": 0.58,
        "f1-score": 0.5829145728643216,
        "support": 100.0
    },
    "fox": {
        "precision": 0.5193798449612403,
        "recall": 0.67,
        "f1-score": 0.5851528384279476,
        "support": 100.0
    },
    "girl": {
        "precision": 0.4,
        "recall": 0.26,
        "f1-score": 0.3151515151515151,
        "support": 100.0
    },
    "hamster": {
        "precision": 0.7159090909090909,
        "recall": 0.63,
        "f1-score": 0.6702127659574468,
        "support": 100.0
    },
    "house": {
        "precision": 0.6213592233009708,
        "recall": 0.64,
        "f1-score": 0.6305418719211823,
        "support": 100.0
    },
    "kangaroo": {
        "precision": 0.4067796610169492,
        "recall": 0.48,
        "f1-score": 0.44036697247706424,
        "support": 100.0
    },
    "keyboard": {
        "precision": 0.8333333333333334,
        "recall": 0.85,
        "f1-score": 0.8415841584158416,
        "support": 100.0
    },
    "lamp": {
        "precision": 0.5858585858585859,
        "recall": 0.58,
        "f1-score": 0.5829145728643216,
        "support": 100.0
    },
    "lawn_mower": {
        "precision": 0.7864077669902912,
        "recall": 0.81,
        "f1-score": 0.7980295566502463,
        "support": 100.0
    },
    "leopard": {
        "precision": 0.6391752577319587,
        "recall": 0.62,
        "f1-score": 0.6294416243654822,
        "support": 100.0
    },
    "lion": {
        "precision": 0.6415094339622641,
        "recall": 0.68,
        "f1-score": 0.6601941747572816,
        "support": 100.0
    },
    "lizard": {
        "precision": 0.28695652173913044,
        "recall": 0.33,
        "f1-score": 0.30697674418604654,
        "support": 100.0
    },
    "lobster": {
        "precision": 0.4742268041237113,
        "recall": 0.46,
        "f1-score": 0.467005076142132,
        "support": 100.0
    },
    "man": {
        "precision": 0.4794520547945205,
        "recall": 0.35,
        "f1-score": 0.4046242774566474,
        "support": 100.0
    },
    "maple_tree": {
        "precision": 0.6172839506172839,
        "recall": 0.5,
        "f1-score": 0.5524861878453039,
        "support": 100.0
    },
    "motorcycle": {
        "precision": 0.8333333333333334,
        "recall": 0.85,
        "f1-score": 0.8415841584158416,
        "support": 100.0
    },
    "mountain": {
        "precision": 0.7383177570093458,
        "recall": 0.79,
        "f1-score": 0.7632850241545893,
        "support": 100.0
    },
    "mouse": {
        "precision": 0.3333333333333333,
        "recall": 0.28,
        "f1-score": 0.30434782608695654,
        "support": 100.0
    },
    "mushroom": {
        "precision": 0.5045045045045045,
        "recall": 0.56,
        "f1-score": 0.5308056872037915,
        "support": 100.0
    },
    "oak_tree": {
        "precision": 0.5859375,
        "recall": 0.75,
        "f1-score": 0.6578947368421053,