{
    "apple": {
        "precision": 0.7747747747747747,
        "recall": 0.86,
        "f1-score": 0.8151658767772512,
        "support": 100.0
    },
    "aquarium_fish": {
        "precision": 0.7959183673469388,
        "recall": 0.78,
        "f1-score": 0.7878787878787878,
        "support": 100.0
    },
    "baby": {
        "precision": 0.5108695652173914,
        "recall": 0.47,
        "f1-score": 0.4895833333333333,
        "support": 100.0
    },
    "bear": {
        "precision": 0.4177215189873418,
        "recall": 0.33,
        "f1-score": 0.3687150837988827,
        "support": 100.0
    },
    "beaver": {
        "precision": 0.4117647058823529,
        "recall": 0.42,
        "f1-score": 0.4158415841584158,
        "support": 100.0
    },
    "bed": {
        "precision": 0.5645161290322581,
        "recall": 0.7,
        "f1-score": 0.625,
        "support": 100.0
    },
    "bee": {
        "precision": 0.5984251968503937,
        "recall": 0.76,
        "f1-score": 0.6696035242290749,
        "support": 100.0
    },
    "beetle": {
        "precision": 0.5121951219512195,
        "recall": 0.63,
        "f1-score": 0.5650224215246636,
        "support": 100.0
    },
    "bicycle": {
        "precision": 0.8172043010752689,
        "recall": 0.76,
        "f1-score": 0.7875647668393783,
        "support": 100.0
    },
    "bottle": {
        "precision": 0.8333333333333334,
        "recall": 0.75,
        "f1-score": 0.7894736842105263,
        "support": 100.0
    },
    "bowl": {
        "precision": 0.5522388059701493,
        "recall": 0.37,
        "f1-score": 0.4431137724550898,
        "support": 100.0
    },
    "boy": {
        "precision": 0.43820224719101125,
        "recall": 0.39,
        "f1-score": 0.4126984126984127,
        "support": 100.0
    },
    "bridge": {
        "precision": 0.6831683168316832,
        "recall": 0.69,
        "f1-score": 0.6865671641791045,
        "support": 100.0
    },
    "bus": {
        "precision": 0.6301369863013698,
        "recall": 0.46,
        "f1-score": 0.5317919075144508,
        "support": 100.0
    },
    "butterfly": {
        "precision": 0.6095238095238096,
        "recall": 0.64,
        "f1-score": 0.624390243902439,
        "support": 100.0
    },
    "camel": {
        "precision": 0.5546218487394958,
        "recall": 0.66,
        "f1-score": 0.6027397260273972,
        "support": 100.0
    },
    "can": {
        "precision": 0.5675675675675675,
        "recall": 0.63,
        "f1-score": 0.5971563981042654,
        "support": 100.0
    },
    "castle": {
        "precision": 0.7706422018348624,
        "recall": 0.84,
        "f1-score": 0.8038277511961722,
        "support": 100.0
    },
    "caterpillar": {
        "precision": 0.515625,
        "recall": 0.66,
        "f1-score": 0.5789473684210527,
        "support": 100.0
    },
    "cattle": {
        "precision": 0.618421052631579,
        "recall": 0.47,
        "f1-score": 0.5340909090909091,
        "support": 100.0
    },
    "chair": {
        "precision": 0.8269230769230769,
        "recall": 0.86,
        "f1-score": 0.8431372549019608,
        "support": 100.0
    },
    "chimpanzee": {
        "precision": 0.6612903225806451,
        "recall": 0.82,
        "f1-score": 0.7321428571428571,
        "support": 100.0
    },
    "clock": {
        "precision": 0.6,
        "recall": 0.57,
        "f1-score": 0.5846153846153846,
        "support": 100.0
    },
    "cloud": {
        "precision": 0.7211538461538461,
        "recall": 0.75,
        "f1-score": 0.7352941176470589,
        "support": 100.0
    },
    "cockroach": {
        "precision": 0.7033898305084746,
        "recall": 0.83,
        "f1-score": 0.7614678899082569,
        "support": 100.0
    },
    "couch": {
        "precision": 0.6493506493506493,
        "recall": 0.5,
        "f1-score": 0.5649717514124294,
        "support": 100.0
    },
    "crab": {
        "precision": 0.5567010309278351,
        "recall": 0.54,
        "f1-score": 0.5482233502538071,
        "support": 100.0
    },
    "crocodile": {
        "precision": 0.42342342342342343,
        "recall": 0.47,
        "f1-score": 0.44549763033175355,
        "support": 100.0
    },
    "cup": {
        "precision": 0.872093023255814,
        "recall": 0.75,
        "f1-score": 0.8064516129032258,
        "support": 100.0
    },
    "dinosaur": {
        "precision": 0.5957446808510638,
        "recall": 0.56,
        "f1-score": 0.5773195876288659,
        "support": 100.0
    },
    "dolphin": {
        "precision": 0.5471698113207547,
        "recall": 0.58,
        "f1-score": 0.5631067961165048,
        "support": 100.0
    },
    "elephant": {
        "precision": 0.6666666666666666,
        "recall": 0.58,
        "f1-score": 0.6203208556149733,
        "support": 100.0
    },
    "flatfish": {
        "precision": 0.5849056603773585,
        "recall": 0.62,
        "f1-score": 0.6019417475728155,
        "support": 100.0
    },
    "forest": {
        "precision": 0.6901408450704225,
        "recall": 0.49,
        "f1-score": 0.5730994152046783,
        "support": 100.0
    },
    "fox": {
        "precision": 0.6391752577319587,
        "recall": 0.62,
        "f1-score": 0.6294416243654822,
        "support": 100.0
    },
    "girl": {
        "precision": 0.4,
        "recall": 0.24,
        "f1-score": 0.3,
        "support": 100.0
    },
    "hamster": {
        "precision": 0.6444444444444445,
        "recall": 0.58,
        "f1-score": 0.6105263157894737,
        "support": 100.0
    },
    "house": {
        "precision": 0.7,
        "recall": 0.56,
        "f1-score": 0.6222222222222222,
        "support": 100.0
    },
    "kangaroo": {
        "precision": 0.37410071942446044,
        "recall": 0.52,
        "f1-score": 0.4351464435146444,
        "support": 100.0
    },
    "keyboard": {
        "precision": 0.7073170731707317,
        "recall": 0.87,
        "f1-score": 0.7802690582959642,
        "support": 100.0
    },
    "lamp": {
        "precision": 0.6091954022988506,
        "recall": 0.53,
        "f1-score": 0.5668449197860963,
        "support": 100.0
    },
    "lawn_mower": {
        "precision": 0.896551724137931,
        "recall": 0.78,
        "f1-score": 0.8342245989304813,
        "support": 100.0
    },
    "leopard": {
        "precision": 0.6601941747572816,
        "recall": 0.68,
        "f1-score": 0.6699507389162561,
        "support": 100.0
    },
    "lion": {
        "precision": 0.65,
        "recall": 0.78,
        "f1-score": 0.7090909090909091,
        "support": 100.0
    },
    "lizard": {
        "precision": 0.29213483146067415,
        "recall": 0.26,
        "f1-score": 0.2751322751322751,
        "support": 100.0
    },
    "lobster": {
        "precision": 0.5365853658536586,
        "recall": 0.44,
        "f1-score": 0.4835164835164835,
        "support": 100.0
    },
    "man": {
        "precision": 0.40229885057471265,
        "recall": 0.35,
        "f1-score": 0.37433155080213903,
        "support": 100.0
    },
    "maple_tree": {
        "precision": 0.6282051282051282,
        "recall": 0.49,
        "f1-score": 0.550561797752809,
        "support": 100.0
    },
    "motorcycle": {
        "precision": 0.7796610169491526,
        "recall": 0.92,
        "f1-score": 0.8440366972477065,
        "support": 100.0
    },
    "mountain": {
        "precision": 0.6967213114754098,
        "recall": 0.85,
        "f1-score": 0.7657657657657657,
        "support": 100.0
    },
    "mouse": {
        "precision": 0.47692307692307695,
        "recall": 0.31,
        "f1-score": 0.37575757575757573,
        "support": 100.0
    },
    "mushroom": {
        "precision": 0.5350877192982456,
        "recall": 0.61,
        "f1-score": 0.5700934579439252,
        "support": 100.0
    },
    "oak_tree": {
        "precision": 0.5029940119760479,
        "recall": 0.84,
        "f1-score": 0.6292134831460674,