{
    "apple": {
        "precision": 0.5801526717557252,
        "recall": 0.76,
        "f1-score": 0.658008658008658,
        "support": 100.0
    },
    "aquarium_fish": {
        "precision": 0.45454545454545453,
        "recall": 0.35,
        "f1-score": 0.3954802259887006,
        "support": 100.0
    },
    "baby": {
        "precision": 0.20967741935483872,
        "recall": 0.13,
        "f1-score": 0.16049382716049382,
        "support": 100.0
    },
    "bear": {
        "precision": 0.23529411764705882,
        "recall": 0.04,
        "f1-score": 0.06837606837606838,
        "support": 100.0
    },
    "beaver": {
        "precision": 0.2,
        "recall": 0.05,
        "f1-score": 0.08,
        "support": 100.0
    },
    "bed": {
        "precision": 0.38571428571428573,
        "recall": 0.27,
        "f1-score": 0.3176470588235294,
        "support": 100.0
    },
    "bee": {
        "precision": 0.375,
        "recall": 0.33,
        "f1-score": 0.35106382978723405,
        "support": 100.0
    },
    "beetle": {
        "precision": 0.3559322033898305,
        "recall": 0.42,
        "f1-score": 0.3853211009174312,
        "support": 100.0
    },
    "bicycle": {
        "precision": 0.6307692307692307,
        "recall": 0.41,
        "f1-score": 0.49696969696969695,
        "support": 100.0
    },
    "bottle": {
        "precision": 0.5289256198347108,
        "recall": 0.64,
        "f1-score": 0.579185520361991,
        "support": 100.0
    },
    "bowl": {
        "precision": 0.22580645161290322,
        "recall": 0.35,
        "f1-score": 0.27450980392156865,
        "support": 100.0
    },
    "boy": {
        "precision": 0.2222222222222222,
        "recall": 0.1,
        "f1-score": 0.13793103448275862,
        "support": 100.0
    },
    "bridge": {
        "precision": 0.4,
        "recall": 0.24,
        "f1-score": 0.3,
        "support": 100.0
    },
    "bus": {
        "precision": 0.25,
        "recall": 0.01,
        "f1-score": 0.019230769230769232,
        "support": 100.0
    },
    "butterfly": {
        "precision": 0.2903225806451613,
        "recall": 0.27,
        "f1-score": 0.27979274611398963,
        "support": 100.0
    },
    "camel": {
        "precision": 0.3125,
        "recall": 0.15,
        "f1-score": 0.20270270270270271,
        "support": 100.0
    },
    "can": {
        "precision": 0.35714285714285715,
        "recall": 0.4,
        "f1-score": 0.37735849056603776,
        "support": 100.0
    },
    "castle": {
        "precision": 0.24269005847953215,
        "recall": 0.83,
        "f1-score": 0.3755656108597285,
        "support": 100.0
    },
    "caterpillar": {
        "precision": 0.3888888888888889,
        "recall": 0.28,
        "f1-score": 0.32558139534883723,
        "support": 100.0
    },
    "cattle": {
        "precision": 0.6363636363636364,
        "recall": 0.07,
        "f1-score": 0.12612612612612611,
        "support": 100.0
    },
    "chair": {
        "precision": 0.7127659574468085,
        "recall": 0.67,
        "f1-score": 0.6907216494845361,
        "support": 100.0
    },
    "chimpanzee": {
        "precision": 0.3944954128440367,
        "recall": 0.43,
        "f1-score": 0.41148325358851673,
        "support": 100.0
    },
    "clock": {
        "precision": 0.4166666666666667,
        "recall": 0.1,
        "f1-score": 0.16129032258064516,
        "support": 100.0
    },
    "cloud": {
        "precision": 0.509090909090909,
        "recall": 0.28,
        "f1-score": 0.36129032258064514,
        "support": 100.0
    },
    "cockroach": {
        "precision": 0.4154929577464789,
        "recall": 0.59,
        "f1-score": 0.48760330578512395,
        "support": 100.0
    },
    "couch": {
        "precision": 0.5555555555555556,
        "recall": 0.1,
        "f1-score": 0.1694915254237288,
        "support": 100.0
    },
    "crab": {
        "precision": 0.3191489361702128,
        "recall": 0.15,
        "f1-score": 0.20408163265306123,
        "support": 100.0
    },
    "crocodile": {
        "precision": 0.11875,
        "recall": 0.38,
        "f1-score": 0.18095238095238095,
        "support": 100.0
    },
    "cup": {
        "precision": 0.4678362573099415,
        "recall": 0.8,
        "f1-score": 0.5904059040590406,
        "support": 100.0
    },
    "dinosaur": {
        "precision": 0.5405405405405406,
        "recall": 0.2,
        "f1-score": 0.291970802919708,
        "support": 100.0
    },
    "dolphin": {
        "precision": 0.3223684210526316,
        "recall": 0.49,
        "f1-score": 0.3888888888888889,
        "support": 100.0
    },
    "elephant": {
        "precision": 0.25,
        "recall": 0.46,
        "f1-score": 0.323943661971831,
        "support": 100.0
    },
    "flatfish": {
        "precision": 0.36507936507936506,
        "recall": 0.23,
        "f1-score": 0.2822085889570552,
        "support": 100.0
    },
    "forest": {
        "precision": 0.5272727272727272,
        "recall": 0.29,
        "f1-score": 0.3741935483870968,
        "support": 100.0
    },
    "fox": {
        "precision": 0.2229299363057325,
        "recall": 0.35,
        "f1-score": 0.2723735408560311,
        "support": 100.0
    },
    "girl": {
        "precision": 0.1111111111111111,
        "recall": 0.01,
        "f1-score": 0.01834862385321101,
        "support": 100.0
    },
    "hamster": {
        "precision": 0.3,
        "recall": 0.48,
        "f1-score": 0.36923076923076925,
        "support": 100.0
    },
    "house": {
        "precision": 0.45454545454545453,
        "recall": 0.05,
        "f1-score": 0.09009009009009009,
        "support": 100.0
    },
    "kangaroo": {
        "precision": 0.21,
        "recall": 0.21,
        "f1-score": 0.21,
        "support": 100.0
    },
    "keyboard": {
        "precision": 0.7931034482758621,
        "recall": 0.46,
        "f1-score": 0.5822784810126582,
        "support": 100.0
    },
    "lamp": {
        "precision": 0.8461538461538461,
        "recall": 0.11,
        "f1-score": 0.19469026548672566,
        "support": 100.0
    },
    "lawn_mower": {
        "precision": 0.5254237288135594,
        "recall": 0.62,
        "f1-score": 0.5688073394495413,
        "support": 100.0
    },
    "leopard": {
        "precision": 0.26666666666666666,
        "recall": 0.4,
        "f1-score": 0.32,
        "support": 100.0
    },
    "lion": {
        "precision": 0.3655913978494624,
        "recall": 0.34,
        "f1-score": 0.35233160621761656,
        "support": 100.0
    },
    "lizard": {
        "precision": 0.2127659574468085,
        "recall": 0.1,
        "f1-score": 0.1360544217687075,
        "support": 100.0
    },
    "lobster": {
        "precision": 0.19444444444444445,
        "recall": 0.14,
        "f1-score": 0.16279069767441862,
        "support": 100.0
    },
    "man": {
        "precision": 0.15654952076677317,
        "recall": 0.49,
        "f1-score": 0.23728813559322035,
        "support": 100.0
    },
    "maple_tree": {
        "precision": 0.4810126582278481,
        "recall": 0.38,
        "f1-score": 0.4245810055865922,
        "support": 100.0
    },
    "motorcycle": {
        "precision": 0.4508670520231214,
        "recall": 0.78,
        "f1-score": 0.5714285714285714,
        "support": 100.0
    },
    "mountain": {
        "precision": 0.2730263157894737,
        "recall": 0.83,
        "f1-score": 0.41089108910891087,
        "support": 100.0
    },
    "mouse": {
        "precision": 0.0,
        "recall": 0.0,
        "f1-score": 0.0,
        "support": 100.0
    },
    "mushroom": {
        "precision": 0.4117647058823529,
        "recall": 0.07,
        "f1-score": 0.11965811965811966,
        "support": 100.0
    },
    "oak_tree": {
        "precision": 0.4375,
        "recall": 0.7,
        "f1-score": 0.5384615384615384,
        "support": 100.0
    },
    "orange": {
        "precision": 0.5909090909090909,