{
    "apple": {
        "precision": 0.7619047619047619,
        "recall": 0.8,
        "f1-score": 0.7804878048780488,
        "support": 100.0
    },
    "aquarium_fish": {
        "precision": 0.7358490566037735,
        "recall": 0.78,
        "f1-score": 0.7572815533980582,
        "support": 100.0
    },
    "baby": {
        "precision": 0.4326923076923077,
        "recall": 0.45,
        "f1-score": 0.4411764705882353,
        "support": 100.0
    },
    "bear": {
        "precision": 0.45098039215686275,
        "recall": 0.23,
        "f1-score": 0.304635761589404,
        "support": 100.0
    },
    "beaver": {
        "precision": 0.19666666666666666,
        "recall": 0.59,
        "f1-score": 0.295,
        "support": 100.0
    },
    "bed": {
        "precision": 0.5977011494252874,
        "recall": 0.52,
        "f1-score": 0.5561497326203209,
        "support": 100.0
    },
    "bee": {
        "precision": 0.5859375,
        "recall": 0.75,
        "f1-score": 0.6578947368421053,
        "support": 100.0
    },
    "beetle": {
        "precision": 0.41379310344827586,
        "recall": 0.72,
        "f1-score": 0.5255474452554745,
        "support": 100.0
    },
    "bicycle": {
        "precision": 0.7954545454545454,
        "recall": 0.7,
        "f1-score": 0.7446808510638298,
        "support": 100.0
    },
    "bottle": {
        "precision": 0.8255813953488372,
        "recall": 0.71,
        "f1-score": 0.7634408602150538,
        "support": 100.0
    },
    "bowl": {
        "precision": 0.5441176470588235,
        "recall": 0.37,
        "f1-score": 0.44047619047619047,
        "support": 100.0
    },
    "boy": {
        "precision": 0.36082474226804123,
        "recall": 0.35,
        "f1-score": 0.3553299492385787,
        "support": 100.0
    },
    "bridge": {
        "precision": 0.6842105263157895,
        "recall": 0.65,
        "f1-score": 0.6666666666666666,
        "support": 100.0
    },
    "bus": {
        "precision": 0.654320987654321,
        "recall": 0.53,
        "f1-score": 0.585635359116022,
        "support": 100.0
    },
    "butterfly": {
        "precision": 0.5959595959595959,
        "recall": 0.59,
        "f1-score": 0.592964824120603,
        "support": 100.0
    },
    "camel": {
        "precision": 0.4246575342465753,
        "recall": 0.62,
        "f1-score": 0.5040650406504065,
        "support": 100.0
    },
    "can": {
        "precision": 0.5423728813559322,
        "recall": 0.64,
        "f1-score": 0.5871559633027523,
        "support": 100.0
    },
    "castle": {
        "precision": 0.6363636363636364,
        "recall": 0.84,
        "f1-score": 0.7241379310344828,
        "support": 100.0
    },
    "caterpillar": {
        "precision": 0.45454545454545453,
        "recall": 0.6,
        "f1-score": 0.5172413793103449,
        "support": 100.0
    },
    "cattle": {
        "precision": 0.5257731958762887,
        "recall": 0.51,
        "f1-score": 0.5177664974619289,
        "support": 100.0
    },
    "chair": {
        "precision": 0.6967213114754098,
        "recall": 0.85,
        "f1-score": 0.7657657657657657,
        "support": 100.0
    },
    "chimpanzee": {
        "precision": 0.6166666666666667,
        "recall": 0.74,
        "f1-score": 0.6727272727272727,
        "support": 100.0
    },
    "clock": {
        "precision": 0.5514018691588785,
        "recall": 0.59,
        "f1-score": 0.5700483091787439,
        "support": 100.0
    },
    "cloud": {
        "precision": 0.8241758241758241,
        "recall": 0.75,
        "f1-score": 0.7853403141361257,
        "support": 100.0
    },
    "cockroach": {
        "precision": 0.7878787878787878,
        "recall": 0.78,
        "f1-score": 0.7839195979899497,
        "support": 100.0
    },
    "couch": {
        "precision": 0.5208333333333334,
        "recall": 0.5,
        "f1-score": 0.5102040816326531,
        "support": 100.0
    },
    "crab": {
        "precision": 0.3626373626373626,
        "recall": 0.66,
        "f1-score": 0.46808510638297873,
        "support": 100.0
    },
    "crocodile": {
        "precision": 0.4019607843137255,
        "recall": 0.41,
        "f1-score": 0.40594059405940597,
        "support": 100.0
    },
    "cup": {
        "precision": 0.7956989247311828,
        "recall": 0.74,
        "f1-score": 0.7668393782383419,
        "support": 100.0
    },
    "dinosaur": {
        "precision": 0.5175438596491229,
        "recall": 0.59,
        "f1-score": 0.5514018691588785,
        "support": 100.0
    },
    "dolphin": {
        "precision": 0.5714285714285714,
        "recall": 0.4,
        "f1-score": 0.47058823529411764,
        "support": 100.0
    },
    "elephant": {
        "precision": 0.611764705882353,
        "recall": 0.52,
        "f1-score": 0.5621621621621622,
        "support": 100.0
    },
    "flatfish": {
        "precision": 0.5283018867924528,
        "recall": 0.56,
        "f1-score": 0.5436893203883495,
        "support": 100.0
    },
    "forest": {
        "precision": 0.4782608695652174,
        "recall": 0.66,
        "f1-score": 0.5546218487394958,
        "support": 100.0
    },
    "fox": {
        "precision": 0.5648148148148148,
        "recall": 0.61,
        "f1-score": 0.5865384615384616,
        "support": 100.0
    },
    "girl": {
        "precision": 0.29896907216494845,
        "recall": 0.29,
        "f1-score": 0.29441624365482233,
        "support": 100.0
    },
    "hamster": {
        "precision": 0.6185567010309279,
        "recall": 0.6,
        "f1-score": 0.6091370558375635,
        "support": 100.0
    },
    "house": {
        "precision": 0.6626506024096386,
        "recall": 0.55,
        "f1-score": 0.6010928961748634,
        "support": 100.0
    },
    "kangaroo": {
        "precision": 0.43010752688172044,
        "recall": 0.4,
        "f1-score": 0.41450777202072536,
        "support": 100.0
    },
    "keyboard": {
        "precision": 0.7727272727272727,
        "recall": 0.85,
        "f1-score": 0.8095238095238095,
        "support": 100.0
    },
    "lamp": {
        "precision": 0.676056338028169,
        "recall": 0.48,
        "f1-score": 0.5614035087719298,
        "support": 100.0
    },
    "lawn_mower": {
        "precision": 0.9066666666666666,
        "recall": 0.68,
        "f1-score": 0.7771428571428571,
        "support": 100.0
    },
    "leopard": {
        "precision": 0.47333333333333333,
        "recall": 0.71,
        "f1-score": 0.568,
        "support": 100.0
    },
    "lion": {
        "precision": 0.496551724137931,
        "recall": 0.72,
        "f1-score": 0.5877551020408164,
        "support": 100.0
    },
    "lizard": {
        "precision": 0.3372093023255814,
        "recall": 0.29,
        "f1-score": 0.3118279569892473,
        "support": 100.0
    },
    "lobster": {
        "precision": 0.39416058394160586,
        "recall": 0.54,
        "f1-score": 0.45569620253164556,
        "support": 100.0
    },
    "man": {
        "precision": 0.45,
        "recall": 0.36,
        "f1-score": 0.4,
        "support": 100.0
    },
    "maple_tree": {
        "precision": 0.6436781609195402,
        "recall": 0.56,
        "f1-score": 0.5989304812834224,
        "support": 100.0
    },
    "motorcycle": {
        "precision": 0.8541666666666666,
        "recall": 0.82,
        "f1-score": 0.8367346938775511,
        "support": 100.0
    },
    "mountain": {
        "precision": 0.8,
        "recall": 0.68,
        "f1-score": 0.7351351351351352,
        "support": 100.0
    },
    "mouse": {
        "precision": 0.36923076923076925,
        "recall": 0.24,
        "f1-score": 0.2909090909090909,
        "support": 100.0
    },
    "mushroom": {
        "precision": 0.5132743362831859,
        "recall": 0.58,
        "f1-score": 0.5446009389671361,
        "support": 100.0
    },
    "oak_tree": {
        "precision": 0.543046357615894,
        "recall": 0.82,