{
    "apple": {
        "precision": 0.8210526315789474,
        "recall": 0.78,
        "f1-score": 0.8,
        "support": 100.0
    },
    "aquarium_fish": {
        "precision": 0.7238095238095238,
        "recall": 0.76,
        "f1-score": 0.7414634146341463,
        "support": 100.0
    },
    "baby": {
        "precision": 0.43636363636363634,
        "recall": 0.48,
        "f1-score": 0.45714285714285713,
        "support": 100.0
    },
    "bear": {
        "precision": 0.3684210526315789,
        "recall": 0.42,
        "f1-score": 0.3925233644859813,
        "support": 100.0
    },
    "beaver": {
        "precision": 0.4387755102040816,
        "recall": 0.43,
        "f1-score": 0.43434343434343436,
        "support": 100.0
    },
    "bed": {
        "precision": 0.5773195876288659,
        "recall": 0.56,
        "f1-score": 0.5685279187817259,
        "support": 100.0
    },
    "bee": {
        "precision": 0.6831683168316832,
        "recall": 0.69,
        "f1-score": 0.6865671641791045,
        "support": 100.0
    },
    "beetle": {
        "precision": 0.6086956521739131,
        "recall": 0.7,
        "f1-score": 0.6511627906976745,
        "support": 100.0
    },
    "bicycle": {
        "precision": 0.6607142857142857,
        "recall": 0.74,
        "f1-score": 0.6981132075471698,
        "support": 100.0
    },
    "bottle": {
        "precision": 0.6851851851851852,
        "recall": 0.74,
        "f1-score": 0.7115384615384616,
        "support": 100.0
    },
    "bowl": {
        "precision": 0.4578313253012048,
        "recall": 0.38,
        "f1-score": 0.41530054644808745,
        "support": 100.0
    },
    "boy": {
        "precision": 0.4090909090909091,
        "recall": 0.36,
        "f1-score": 0.3829787234042553,
        "support": 100.0
    },
    "bridge": {
        "precision": 0.6,
        "recall": 0.69,
        "f1-score": 0.641860465116279,
        "support": 100.0
    },
    "bus": {
        "precision": 0.49019607843137253,
        "recall": 0.5,
        "f1-score": 0.49504950495049505,
        "support": 100.0
    },
    "butterfly": {
        "precision": 0.5638297872340425,
        "recall": 0.53,
        "f1-score": 0.5463917525773195,
        "support": 100.0
    },
    "camel": {
        "precision": 0.5,
        "recall": 0.6,
        "f1-score": 0.5454545454545454,
        "support": 100.0
    },
    "can": {
        "precision": 0.5546218487394958,
        "recall": 0.66,
        "f1-score": 0.6027397260273972,
        "support": 100.0
    },
    "castle": {
        "precision": 0.8041237113402062,
        "recall": 0.78,
        "f1-score": 0.7918781725888325,
        "support": 100.0
    },
    "caterpillar": {
        "precision": 0.6288659793814433,
        "recall": 0.61,
        "f1-score": 0.6192893401015228,
        "support": 100.0
    },
    "cattle": {
        "precision": 0.6363636363636364,
        "recall": 0.42,
        "f1-score": 0.5060240963855421,
        "support": 100.0
    },
    "chair": {
        "precision": 0.7821782178217822,
        "recall": 0.79,
        "f1-score": 0.7860696517412935,
        "support": 100.0
    },
    "chimpanzee": {
        "precision": 0.6814159292035398,
        "recall": 0.77,
        "f1-score": 0.7230046948356808,
        "support": 100.0
    },
    "clock": {
        "precision": 0.5339805825242718,
        "recall": 0.55,
        "f1-score": 0.541871921182266,
        "support": 100.0
    },
    "cloud": {
        "precision": 0.8144329896907216,
        "recall": 0.79,
        "f1-score": 0.8020304568527918,
        "support": 100.0
    },
    "cockroach": {
        "precision": 0.75,
        "recall": 0.75,
        "f1-score": 0.75,
        "support": 100.0
    },
    "couch": {
        "precision": 0.5048543689320388,
        "recall": 0.52,
        "f1-score": 0.5123152709359606,
        "support": 100.0
    },
    "crab": {
        "precision": 0.48,
        "recall": 0.48,
        "f1-score": 0.48,
        "support": 100.0
    },
    "crocodile": {
        "precision": 0.4588235294117647,
        "recall": 0.39,
        "f1-score": 0.42162162162162165,
        "support": 100.0
    },
    "cup": {
        "precision": 0.7111111111111111,
        "recall": 0.64,
        "f1-score": 0.6736842105263158,
        "support": 100.0
    },
    "dinosaur": {
        "precision": 0.5795454545454546,
        "recall": 0.51,
        "f1-score": 0.5425531914893617,
        "support": 100.0
    },
    "dolphin": {
        "precision": 0.6185567010309279,
        "recall": 0.6,
        "f1-score": 0.6091370558375635,
        "support": 100.0
    },
    "elephant": {
        "precision": 0.6145833333333334,
        "recall": 0.59,
        "f1-score": 0.6020408163265306,
        "support": 100.0
    },
    "flatfish": {
        "precision": 0.6022727272727273,
        "recall": 0.53,
        "f1-score": 0.5638297872340425,
        "support": 100.0
    },
    "forest": {
        "precision": 0.46846846846846846,
        "recall": 0.52,
        "f1-score": 0.4928909952606635,
        "support": 100.0
    },
    "fox": {
        "precision": 0.5446428571428571,
        "recall": 0.61,
        "f1-score": 0.5754716981132075,
        "support": 100.0
    },
    "girl": {
        "precision": 0.4065934065934066,
        "recall": 0.37,
        "f1-score": 0.387434554973822,
        "support": 100.0
    },
    "hamster": {
        "precision": 0.6470588235294118,
        "recall": 0.55,
        "f1-score": 0.5945945945945946,
        "support": 100.0
    },
    "house": {
        "precision": 0.6063829787234043,
        "recall": 0.57,
        "f1-score": 0.5876288659793815,
        "support": 100.0
    },
    "kangaroo": {
        "precision": 0.47572815533980584,
        "recall": 0.49,
        "f1-score": 0.4827586206896552,
        "support": 100.0
    },
    "keyboard": {
        "precision": 0.803921568627451,
        "recall": 0.82,
        "f1-score": 0.8118811881188119,
        "support": 100.0
    },
    "lamp": {
        "precision": 0.5408163265306123,
        "recall": 0.53,
        "f1-score": 0.5353535353535354,
        "support": 100.0
    },
    "lawn_mower": {
        "precision": 0.81,
        "recall": 0.81,
        "f1-score": 0.81,
        "support": 100.0
    },
    "leopard": {
        "precision": 0.6781609195402298,
        "recall": 0.59,
        "f1-score": 0.6310160427807486,
        "support": 100.0
    },
    "lion": {
        "precision": 0.69,
        "recall": 0.69,
        "f1-score": 0.69,
        "support": 100.0
    },
    "lizard": {
        "precision": 0.2894736842105263,
        "recall": 0.33,
        "f1-score": 0.308411214953271,
        "support": 100.0
    },
    "lobster": {
        "precision": 0.46808510638297873,
        "recall": 0.44,
        "f1-score": 0.4536082474226804,
        "support": 100.0
    },
    "man": {
        "precision": 0.43137254901960786,
        "recall": 0.44,
        "f1-score": 0.43564356435643564,
        "support": 100.0
    },
    "maple_tree": {
        "precision": 0.6,
        "recall": 0.51,
        "f1-score": 0.5513513513513514,
        "support": 100.0
    },
    "motorcycle": {
        "precision": 0.8073394495412844,
        "recall": 0.88,
        "f1-score": 0.8421052631578947,
        "support": 100.0
    },
    "mountain": {
        "precision": 0.7254901960784313,
        "recall": 0.74,
        "f1-score": 0.7326732673267327,
        "support": 100.0
    },
    "mouse": {
        "precision": 0.4175824175824176,
        "recall": 0.38,
        "f1-score": 0.39790575916230364,
        "support": 100.0
    },
    "mushroom": {
        "precision": 0.5545454545454546,
        "recall": 0.61,
        "f1-score": 0.580952380952381,
        "support": 100.0
    },
    "oak_tree": {
        "precision": 0.5697674418604651,
        "recall": 0.49,
        "f1-score": 0.5268817204301075,
        "support": 100.0
    },