{
    "apple": {
        "precision": 0.8380952380952381,
        "recall": 0.88,
        "f1-score": 0.8585365853658536,
        "support": 100.0
    },
    "aquarium_fish": {
        "precision": 0.6880733944954128,
        "recall": 0.75,
        "f1-score": 0.7177033492822966,
        "support": 100.0
    },
    "baby": {
        "precision": 0.4631578947368421,
        "recall": 0.44,
        "f1-score": 0.4512820512820513,
        "support": 100.0
    },
    "bear": {
        "precision": 0.45454545454545453,
        "recall": 0.35,
        "f1-score": 0.3954802259887006,
        "support": 100.0
    },
    "beaver": {
        "precision": 0.40425531914893614,
        "recall": 0.38,
        "f1-score": 0.3917525773195876,
        "support": 100.0
    },
    "bed": {
        "precision": 0.5213675213675214,
        "recall": 0.61,
        "f1-score": 0.5622119815668203,
        "support": 100.0
    },
    "bee": {
        "precision": 0.6696428571428571,
        "recall": 0.75,
        "f1-score": 0.7075471698113207,
        "support": 100.0
    },
    "beetle": {
        "precision": 0.6224489795918368,
        "recall": 0.61,
        "f1-score": 0.6161616161616161,
        "support": 100.0
    },
    "bicycle": {
        "precision": 0.7934782608695652,
        "recall": 0.73,
        "f1-score": 0.7604166666666666,
        "support": 100.0
    },
    "bottle": {
        "precision": 0.7524752475247525,
        "recall": 0.76,
        "f1-score": 0.7562189054726368,
        "support": 100.0
    },
    "bowl": {
        "precision": 0.5542168674698795,
        "recall": 0.46,
        "f1-score": 0.5027322404371585,
        "support": 100.0
    },
    "boy": {
        "precision": 0.5074626865671642,
        "recall": 0.34,
        "f1-score": 0.40718562874251496,
        "support": 100.0
    },
    "bridge": {
        "precision": 0.6956521739130435,
        "recall": 0.64,
        "f1-score": 0.6666666666666666,
        "support": 100.0
    },
    "bus": {
        "precision": 0.6219512195121951,
        "recall": 0.51,
        "f1-score": 0.5604395604395604,
        "support": 100.0
    },
    "butterfly": {
        "precision": 0.6351351351351351,
        "recall": 0.47,
        "f1-score": 0.5402298850574713,
        "support": 100.0
    },
    "camel": {
        "precision": 0.5045045045045045,
        "recall": 0.56,
        "f1-score": 0.5308056872037915,
        "support": 100.0
    },
    "can": {
        "precision": 0.6224489795918368,
        "recall": 0.61,
        "f1-score": 0.6161616161616161,
        "support": 100.0
    },
    "castle": {
        "precision": 0.7956989247311828,
        "recall": 0.74,
        "f1-score": 0.7668393782383419,
        "support": 100.0
    },
    "caterpillar": {
        "precision": 0.4789915966386555,
        "recall": 0.57,
        "f1-score": 0.5205479452054794,
        "support": 100.0
    },
    "cattle": {
        "precision": 0.589041095890411,
        "recall": 0.43,
        "f1-score": 0.49710982658959535,
        "support": 100.0
    },
    "chair": {
        "precision": 0.845360824742268,
        "recall": 0.82,
        "f1-score": 0.8324873096446701,
        "support": 100.0
    },
    "chimpanzee": {
        "precision": 0.6890756302521008,
        "recall": 0.82,
        "f1-score": 0.7488584474885844,
        "support": 100.0
    },
    "clock": {
        "precision": 0.5544554455445545,
        "recall": 0.56,
        "f1-score": 0.5572139303482587,
        "support": 100.0
    },
    "cloud": {
        "precision": 0.7433628318584071,
        "recall": 0.84,
        "f1-score": 0.7887323943661971,
        "support": 100.0
    },
    "cockroach": {
        "precision": 0.6528925619834711,
        "recall": 0.79,
        "f1-score": 0.7149321266968326,
        "support": 100.0
    },
    "couch": {
        "precision": 0.5119047619047619,
        "recall": 0.43,
        "f1-score": 0.4673913043478261,
        "support": 100.0
    },
    "crab": {
        "precision": 0.5,
        "recall": 0.45,
        "f1-score": 0.47368421052631576,
        "support": 100.0
    },
    "crocodile": {
        "precision": 0.34108527131782945,
        "recall": 0.44,
        "f1-score": 0.38427947598253276,
        "support": 100.0
    },
    "cup": {
        "precision": 0.7894736842105263,
        "recall": 0.75,
        "f1-score": 0.7692307692307693,
        "support": 100.0
    },
    "dinosaur": {
        "precision": 0.5903614457831325,
        "recall": 0.49,
        "f1-score": 0.5355191256830601,
        "support": 100.0
    },
    "dolphin": {
        "precision": 0.5446428571428571,
        "recall": 0.61,
        "f1-score": 0.5754716981132075,
        "support": 100.0
    },
    "elephant": {
        "precision": 0.5849056603773585,
        "recall": 0.62,
        "f1-score": 0.6019417475728155,
        "support": 100.0
    },
    "flatfish": {
        "precision": 0.5858585858585859,
        "recall": 0.58,
        "f1-score": 0.5829145728643216,
        "support": 100.0
    },
    "forest": {
        "precision": 0.6382978723404256,
        "recall": 0.6,
        "f1-score": 0.6185567010309279,
        "support": 100.0
    },
    "fox": {
        "precision": 0.5730337078651685,
        "recall": 0.51,
        "f1-score": 0.5396825396825397,
        "support": 100.0
    },
    "girl": {
        "precision": 0.35294117647058826,
        "recall": 0.3,
        "f1-score": 0.32432432432432434,
        "support": 100.0
    },
    "hamster": {
        "precision": 0.6989247311827957,
        "recall": 0.65,
        "f1-score": 0.6735751295336787,
        "support": 100.0
    },
    "house": {
        "precision": 0.6781609195402298,
        "recall": 0.59,
        "f1-score": 0.6310160427807486,
        "support": 100.0
    },
    "kangaroo": {
        "precision": 0.3787878787878788,
        "recall": 0.5,
        "f1-score": 0.43103448275862066,
        "support": 100.0
    },
    "keyboard": {
        "precision": 0.7226890756302521,
        "recall": 0.86,
        "f1-score": 0.7853881278538812,
        "support": 100.0
    },
    "lamp": {
        "precision": 0.5454545454545454,
        "recall": 0.48,
        "f1-score": 0.5106382978723404,
        "support": 100.0
    },
    "lawn_mower": {
        "precision": 0.7788461538461539,
        "recall": 0.81,
        "f1-score": 0.7941176470588235,
        "support": 100.0
    },
    "leopard": {
        "precision": 0.7037037037037037,
        "recall": 0.57,
        "f1-score": 0.6298342541436464,
        "support": 100.0
    },
    "lion": {
        "precision": 0.6770833333333334,
        "recall": 0.65,
        "f1-score": 0.6632653061224489,
        "support": 100.0
    },
    "lizard": {
        "precision": 0.2391304347826087,
        "recall": 0.22,
        "f1-score": 0.22916666666666666,
        "support": 100.0
    },
    "lobster": {
        "precision": 0.3904761904761905,
        "recall": 0.41,
        "f1-score": 0.4,
        "support": 100.0
    },
    "man": {
        "precision": 0.42528735632183906,
        "recall": 0.37,
        "f1-score": 0.39572192513368987,
        "support": 100.0
    },
    "maple_tree": {
        "precision": 0.6395348837209303,
        "recall": 0.55,
        "f1-score": 0.5913978494623656,
        "support": 100.0
    },
    "motorcycle": {
        "precision": 0.782608695652174,
        "recall": 0.9,
        "f1-score": 0.8372093023255814,
        "support": 100.0
    },
    "mountain": {
        "precision": 0.6896551724137931,
        "recall": 0.8,
        "f1-score": 0.7407407407407407,
        "support": 100.0
    },
    "mouse": {
        "precision": 0.36538461538461536,
        "recall": 0.38,
        "f1-score": 0.37254901960784315,
        "support": 100.0
    },
    "mushroom": {
        "precision": 0.5729166666666666,
        "recall": 0.55,
        "f1-score": 0.5612244897959183,
        "support": 100.0
    },