{
    "apple": {
        "precision": 0.8369565217391305,
        "recall": 0.77,
        "f1-score": 0.8020833333333334,
        "support": 100.0
    },
    "aquarium_fish": {
        "precision": 0.6126126126126126,
        "recall": 0.68,
        "f1-score": 0.6445497630331753,
        "support": 100.0
    },
    "baby": {
        "precision": 0.4430379746835443,
        "recall": 0.35,
        "f1-score": 0.39106145251396646,
        "support": 100.0
    },
    "bear": {
        "precision": 0.26373626373626374,
        "recall": 0.24,
        "f1-score": 0.2513089005235602,
        "support": 100.0
    },
    "beaver": {
        "precision": 0.358695652173913,
        "recall": 0.33,
        "f1-score": 0.34375,
        "support": 100.0
    },
    "bed": {
        "precision": 0.5213675213675214,
        "recall": 0.61,
        "f1-score": 0.5622119815668203,
        "support": 100.0
    },
    "bee": {
        "precision": 0.5259259259259259,
        "recall": 0.71,
        "f1-score": 0.6042553191489362,
        "support": 100.0
    },
    "beetle": {
        "precision": 0.5344827586206896,
        "recall": 0.62,
        "f1-score": 0.5740740740740741,
        "support": 100.0
    },
    "bicycle": {
        "precision": 0.6886792452830188,
        "recall": 0.73,
        "f1-score": 0.7087378640776699,
        "support": 100.0
    },
    "bottle": {
        "precision": 0.6952380952380952,
        "recall": 0.73,
        "f1-score": 0.7121951219512195,
        "support": 100.0
    },
    "bowl": {
        "precision": 0.42857142857142855,
        "recall": 0.36,
        "f1-score": 0.391304347826087,
        "support": 100.0
    },
    "boy": {
        "precision": 0.4,
        "recall": 0.42,
        "f1-score": 0.4097560975609756,
        "support": 100.0
    },
    "bridge": {
        "precision": 0.6041666666666666,
        "recall": 0.58,
        "f1-score": 0.5918367346938775,
        "support": 100.0
    },
    "bus": {
        "precision": 0.4588235294117647,
        "recall": 0.39,
        "f1-score": 0.42162162162162165,
        "support": 100.0
    },
    "butterfly": {
        "precision": 0.4435483870967742,
        "recall": 0.55,
        "f1-score": 0.49107142857142855,
        "support": 100.0
    },
    "camel": {
        "precision": 0.39097744360902253,
        "recall": 0.52,
        "f1-score": 0.44635193133047213,
        "support": 100.0
    },
    "can": {
        "precision": 0.625,
        "recall": 0.6,
        "f1-score": 0.6122448979591837,
        "support": 100.0
    },
    "castle": {
        "precision": 0.8048780487804879,
        "recall": 0.66,
        "f1-score": 0.7252747252747253,
        "support": 100.0
    },
    "caterpillar": {
        "precision": 0.46153846153846156,
        "recall": 0.48,
        "f1-score": 0.47058823529411764,
        "support": 100.0
    },
    "cattle": {
        "precision": 0.43529411764705883,
        "recall": 0.37,
        "f1-score": 0.4,
        "support": 100.0
    },
    "chair": {
        "precision": 0.8282828282828283,
        "recall": 0.82,
        "f1-score": 0.8241206030150754,
        "support": 100.0
    },
    "chimpanzee": {
        "precision": 0.6842105263157895,
        "recall": 0.78,
        "f1-score": 0.7289719626168224,
        "support": 100.0
    },
    "clock": {
        "precision": 0.5,
        "recall": 0.49,
        "f1-score": 0.494949494949495,
        "support": 100.0
    },
    "cloud": {
        "precision": 0.7789473684210526,
        "recall": 0.74,
        "f1-score": 0.7589743589743589,
        "support": 100.0
    },
    "cockroach": {
        "precision": 0.6666666666666666,
        "recall": 0.72,
        "f1-score": 0.6923076923076923,
        "support": 100.0
    },
    "couch": {
        "precision": 0.5205479452054794,
        "recall": 0.38,
        "f1-score": 0.4393063583815029,
        "support": 100.0
    },
    "crab": {
        "precision": 0.37362637362637363,
        "recall": 0.34,
        "f1-score": 0.35602094240837695,
        "support": 100.0
    },
    "crocodile": {
        "precision": 0.3252032520325203,
        "recall": 0.4,
        "f1-score": 0.35874439461883406,
        "support": 100.0
    },
    "cup": {
        "precision": 0.7525773195876289,
        "recall": 0.73,
        "f1-score": 0.7411167512690355,
        "support": 100.0
    },
    "dinosaur": {
        "precision": 0.5111111111111111,
        "recall": 0.46,
        "f1-score": 0.4842105263157895,
        "support": 100.0
    },
    "dolphin": {
        "precision": 0.5520833333333334,
        "recall": 0.53,
        "f1-score": 0.5408163265306123,
        "support": 100.0
    },
    "elephant": {
        "precision": 0.5631067961165048,
        "recall": 0.58,
        "f1-score": 0.5714285714285714,
        "support": 100.0
    },
    "flatfish": {
        "precision": 0.5476190476190477,
        "recall": 0.46,
        "f1-score": 0.5,
        "support": 100.0
    },
    "forest": {
        "precision": 0.6712328767123288,
        "recall": 0.49,
        "f1-score": 0.5664739884393064,
        "support": 100.0
    },
    "fox": {
        "precision": 0.5393258426966292,
        "recall": 0.48,
        "f1-score": 0.5079365079365079,
        "support": 100.0
    },
    "girl": {
        "precision": 0.2875,
        "recall": 0.23,
        "f1-score": 0.25555555555555554,
        "support": 100.0
    },
    "hamster": {
        "precision": 0.5894736842105263,
        "recall": 0.56,
        "f1-score": 0.5743589743589743,
        "support": 100.0
    },
    "house": {
        "precision": 0.580952380952381,
        "recall": 0.61,
        "f1-score": 0.5951219512195122,
        "support": 100.0
    },
    "kangaroo": {
        "precision": 0.32,
        "recall": 0.4,
        "f1-score": 0.35555555555555557,
        "support": 100.0
    },
    "keyboard": {
        "precision": 0.8367346938775511,
        "recall": 0.82,
        "f1-score": 0.8282828282828283,
        "support": 100.0
    },
    "lamp": {
        "precision": 0.46464646464646464,
        "recall": 0.46,
        "f1-score": 0.4623115577889447,
        "support": 100.0
    },
    "lawn_mower": {
        "precision": 0.7450980392156863,
        "recall": 0.76,
        "f1-score": 0.7524752475247525,
        "support": 100.0
    },
    "leopard": {
        "precision": 0.6046511627906976,
        "recall": 0.52,
        "f1-score": 0.5591397849462365,
        "support": 100.0
    },
    "lion": {
        "precision": 0.5333333333333333,
        "recall": 0.64,
        "f1-score": 0.5818181818181818,
        "support": 100.0
    },
    "lizard": {
        "precision": 0.3076923076923077,
        "recall": 0.28,
        "f1-score": 0.2931937172774869,
        "support": 100.0
    },
    "lobster": {
        "precision": 0.3533834586466165,
        "recall": 0.47,
        "f1-score": 0.4034334763948498,
        "support": 100.0
    },
    "man": {
        "precision": 0.43243243243243246,
        "recall": 0.32,
        "f1-score": 0.367816091954023,
        "support": 100.0
    },
    "maple_tree": {
        "precision": 0.5913978494623656,
        "recall": 0.55,
        "f1-score": 0.5699481865284974,
        "support": 100.0
    },
    "motorcycle": {
        "precision": 0.8058252427184466,
        "recall": 0.83,
        "f1-score": 0.8177339901477833,
        "support": 100.0
    },
    "mountain": {
        "precision": 0.7307692307692307,
        "recall": 0.76,
        "f1-score": 0.7450980392156863,
        "support": 100.0
    },
    "mouse": {
        "precision": 0.232,
        "recall": 0.29,
        "f1-score": 0.2577777777777778,
        "support": 100.0
    },
    "mushroom": {
        "precision": 0.45454545454545453,
        "recall": 0.45,
        "f1-score": 0.45226130653266333,
        "support": 100.0
    },
    "oak_tree": {
        "precision": 0.5737704918032787,
        "recall": 0.7,
        "f1-score": 0.6306306306306306,