{
    "apple": {
        "precision": 0.7171717171717171,
        "recall": 0.71,
        "f1-score": 0.7135678391959799,
        "support": 100.0
    },
    "aquarium_fish": {
        "precision": 0.6037735849056604,
        "recall": 0.32,
        "f1-score": 0.41830065359477125,
        "support": 100.0
    },
    "baby": {
        "precision": 0.2857142857142857,
        "recall": 0.34,
        "f1-score": 0.3105022831050228,
        "support": 100.0
    },
    "bear": {
        "precision": 0.2727272727272727,
        "recall": 0.09,
        "f1-score": 0.13533834586466165,
        "support": 100.0
    },
    "beaver": {
        "precision": 0.10996563573883161,
        "recall": 0.32,
        "f1-score": 0.1636828644501279,
        "support": 100.0
    },
    "bed": {
        "precision": 0.3064516129032258,
        "recall": 0.57,
        "f1-score": 0.3986013986013986,
        "support": 100.0
    },
    "bee": {
        "precision": 0.35833333333333334,
        "recall": 0.43,
        "f1-score": 0.39090909090909093,
        "support": 100.0
    },
    "beetle": {
        "precision": 0.49206349206349204,
        "recall": 0.31,
        "f1-score": 0.3803680981595092,
        "support": 100.0
    },
    "bicycle": {
        "precision": 0.49166666666666664,
        "recall": 0.59,
        "f1-score": 0.5363636363636364,
        "support": 100.0
    },
    "bottle": {
        "precision": 0.5166666666666667,
        "recall": 0.62,
        "f1-score": 0.5636363636363636,
        "support": 100.0
    },
    "bowl": {
        "precision": 0.36666666666666664,
        "recall": 0.22,
        "f1-score": 0.275,
        "support": 100.0
    },
    "boy": {
        "precision": 0.21153846153846154,
        "recall": 0.11,
        "f1-score": 0.14473684210526316,
        "support": 100.0
    },
    "bridge": {
        "precision": 0.3236994219653179,
        "recall": 0.56,
        "f1-score": 0.41025641025641024,
        "support": 100.0
    },
    "bus": {
        "precision": 0.30158730158730157,
        "recall": 0.19,
        "f1-score": 0.2331288343558282,
        "support": 100.0
    },
    "butterfly": {
        "precision": 0.28901734104046245,
        "recall": 0.5,
        "f1-score": 0.3663003663003663,
        "support": 100.0
    },
    "camel": {
        "precision": 0.2857142857142857,
        "recall": 0.16,
        "f1-score": 0.20512820512820512,
        "support": 100.0
    },
    "can": {
        "precision": 0.5394736842105263,
        "recall": 0.41,
        "f1-score": 0.4659090909090909,
        "support": 100.0
    },
    "castle": {
        "precision": 0.45454545454545453,
        "recall": 0.8,
        "f1-score": 0.5797101449275363,
        "support": 100.0
    },
    "caterpillar": {
        "precision": 0.2742857142857143,
        "recall": 0.48,
        "f1-score": 0.3490909090909091,
        "support": 100.0
    },
    "cattle": {
        "precision": 0.38271604938271603,
        "recall": 0.31,
        "f1-score": 0.3425414364640884,
        "support": 100.0
    },
    "chair": {
        "precision": 0.7333333333333333,
        "recall": 0.77,
        "f1-score": 0.751219512195122,
        "support": 100.0
    },
    "chimpanzee": {
        "precision": 0.40131578947368424,
        "recall": 0.61,
        "f1-score": 0.48412698412698413,
        "support": 100.0
    },
    "clock": {
        "precision": 0.3448275862068966,
        "recall": 0.5,
        "f1-score": 0.40816326530612246,
        "support": 100.0
    },
    "cloud": {
        "precision": 0.5669291338582677,
        "recall": 0.72,
        "f1-score": 0.6343612334801763,
        "support": 100.0
    },
    "cockroach": {
        "precision": 0.5981308411214953,
        "recall": 0.64,
        "f1-score": 0.6183574879227053,
        "support": 100.0
    },
    "couch": {
        "precision": 0.35,
        "recall": 0.07,
        "f1-score": 0.11666666666666667,
        "support": 100.0
    },
    "crab": {
        "precision": 0.7272727272727273,
        "recall": 0.08,
        "f1-score": 0.14414414414414414,
        "support": 100.0
    },
    "crocodile": {
        "precision": 0.1951219512195122,
        "recall": 0.24,
        "f1-score": 0.21524663677130046,
        "support": 100.0
    },
    "cup": {
        "precision": 0.8307692307692308,
        "recall": 0.54,
        "f1-score": 0.6545454545454545,
        "support": 100.0
    },
    "dinosaur": {
        "precision": 0.5,
        "recall": 0.21,
        "f1-score": 0.29577464788732394,
        "support": 100.0
    },
    "dolphin": {
        "precision": 0.2680851063829787,
        "recall": 0.63,
        "f1-score": 0.3761194029850746,
        "support": 100.0
    },
    "elephant": {
        "precision": 0.39090909090909093,
        "recall": 0.43,
        "f1-score": 0.4095238095238095,
        "support": 100.0
    },
    "flatfish": {
        "precision": 0.3644859813084112,
        "recall": 0.39,
        "f1-score": 0.37681159420289856,
        "support": 100.0
    },
    "forest": {
        "precision": 0.2037037037037037,
        "recall": 0.66,
        "f1-score": 0.3113207547169811,
        "support": 100.0
    },
    "fox": {
        "precision": 0.20915032679738563,
        "recall": 0.32,
        "f1-score": 0.25296442687747034,
        "support": 100.0
    },
    "girl": {
        "precision": 0.1848341232227488,
        "recall": 0.39,
        "f1-score": 0.2508038585209003,
        "support": 100.0
    },
    "hamster": {
        "precision": 0.5774647887323944,
        "recall": 0.41,
        "f1-score": 0.47953216374269003,
        "support": 100.0
    },
    "house": {
        "precision": 0.3148148148148148,
        "recall": 0.34,
        "f1-score": 0.3269230769230769,
        "support": 100.0
    },
    "kangaroo": {
        "precision": 0.3333333333333333,
        "recall": 0.2,
        "f1-score": 0.25,
        "support": 100.0
    },
    "keyboard": {
        "precision": 0.6513761467889908,
        "recall": 0.71,
        "f1-score": 0.6794258373205742,
        "support": 100.0
    },
    "lamp": {
        "precision": 0.7037037037037037,
        "recall": 0.19,
        "f1-score": 0.2992125984251969,
        "support": 100.0
    },
    "lawn_mower": {
        "precision": 0.7647058823529411,
        "recall": 0.52,
        "f1-score": 0.6190476190476191,
        "support": 100.0
    },
    "leopard": {
        "precision": 0.375,
        "recall": 0.48,
        "f1-score": 0.42105263157894735,
        "support": 100.0
    },
    "lion": {
        "precision": 0.33613445378151263,
        "recall": 0.4,
        "f1-score": 0.365296803652968,
        "support": 100.0
    },
    "lizard": {
        "precision": 0.5,
        "recall": 0.1,
        "f1-score": 0.16666666666666666,
        "support": 100.0
    },
    "lobster": {
        "precision": 0.2692307692307692,
        "recall": 0.14,
        "f1-score": 0.18421052631578946,
        "support": 100.0
    },
    "man": {
        "precision": 0.12446351931330472,
        "recall": 0.29,
        "f1-score": 0.17417417417417416,
        "support": 100.0
    },
    "maple_tree": {
        "precision": 0.42857142857142855,
        "recall": 0.54,
        "f1-score": 0.4778761061946903,
        "support": 100.0
    },
    "motorcycle": {
        "precision": 0.5337423312883436,
        "recall": 0.87,
        "f1-score": 0.6615969581749049,
        "support": 100.0
    },
    "mountain": {
        "precision": 0.627906976744186,
        "recall": 0.54,
        "f1-score": 0.5806451612903226,
        "support": 100.0
    },
    "mouse": {
        "precision": 0.27450980392156865,
        "recall": 0.14,
        "f1-score": 0.18543046357615894,
        "support": 100.0
    },
    "mushroom": {
        "precision": 0.38461538461538464,
        "recall": 0.1,
        "f1-score": 0.15873015873015872,
        "support": 100.0
    },
    "oak_tree": {
        "precision": 0.5064935064935064,
        "recall": 0.78,