{
    "apple": {
        "precision": 0.9130434782608695,
        "recall": 0.84,
        "f1-score": 0.875,
        "support": 100.0
    },
    "aquarium_fish": {
        "precision": 0.6517857142857143,
        "recall": 0.73,
        "f1-score": 0.6886792452830188,
        "support": 100.0
    },
    "baby": {
        "precision": 0.42201834862385323,
        "recall": 0.46,
        "f1-score": 0.44019138755980863,
        "support": 100.0
    },
    "bear": {
        "precision": 0.42391304347826086,
        "recall": 0.39,
        "f1-score": 0.40625,
        "support": 100.0
    },
    "beaver": {
        "precision": 0.48598130841121495,
        "recall": 0.52,
        "f1-score": 0.5024154589371981,
        "support": 100.0
    },
    "bed": {
        "precision": 0.6017699115044248,
        "recall": 0.68,
        "f1-score": 0.6384976525821596,
        "support": 100.0
    },
    "bee": {
        "precision": 0.6271186440677966,
        "recall": 0.74,
        "f1-score": 0.6788990825688074,
        "support": 100.0
    },
    "beetle": {
        "precision": 0.6979166666666666,
        "recall": 0.67,
        "f1-score": 0.6836734693877551,
        "support": 100.0
    },
    "bicycle": {
        "precision": 0.7669902912621359,
        "recall": 0.79,
        "f1-score": 0.7783251231527094,
        "support": 100.0
    },
    "bottle": {
        "precision": 0.7474747474747475,
        "recall": 0.74,
        "f1-score": 0.7437185929648241,
        "support": 100.0
    },
    "bowl": {
        "precision": 0.4392523364485981,
        "recall": 0.47,
        "f1-score": 0.45410628019323673,
        "support": 100.0
    },
    "boy": {
        "precision": 0.42857142857142855,
        "recall": 0.36,
        "f1-score": 0.391304347826087,
        "support": 100.0
    },
    "bridge": {
        "precision": 0.6666666666666666,
        "recall": 0.74,
        "f1-score": 0.7014218009478673,
        "support": 100.0
    },
    "bus": {
        "precision": 0.5714285714285714,
        "recall": 0.48,
        "f1-score": 0.5217391304347826,
        "support": 100.0
    },
    "butterfly": {
        "precision": 0.68,
        "recall": 0.51,
        "f1-score": 0.5828571428571429,
        "support": 100.0
    },
    "camel": {
        "precision": 0.5925925925925926,
        "recall": 0.64,
        "f1-score": 0.6153846153846154,
        "support": 100.0
    },
    "can": {
        "precision": 0.6260869565217392,
        "recall": 0.72,
        "f1-score": 0.6697674418604651,
        "support": 100.0
    },
    "castle": {
        "precision": 0.7567567567567568,
        "recall": 0.84,
        "f1-score": 0.7962085308056872,
        "support": 100.0
    },
    "caterpillar": {
        "precision": 0.6132075471698113,
        "recall": 0.65,
        "f1-score": 0.6310679611650486,
        "support": 100.0
    },
    "cattle": {
        "precision": 0.5507246376811594,
        "recall": 0.38,
        "f1-score": 0.44970414201183434,
        "support": 100.0
    },
    "chair": {
        "precision": 0.8571428571428571,
        "recall": 0.84,
        "f1-score": 0.8484848484848485,
        "support": 100.0
    },
    "chimpanzee": {
        "precision": 0.6546762589928058,
        "recall": 0.91,
        "f1-score": 0.7615062761506276,
        "support": 100.0
    },
    "clock": {
        "precision": 0.5648148148148148,
        "recall": 0.61,
        "f1-score": 0.5865384615384616,
        "support": 100.0
    },
    "cloud": {
        "precision": 0.8163265306122449,
        "recall": 0.8,
        "f1-score": 0.8080808080808081,
        "support": 100.0
    },
    "cockroach": {
        "precision": 0.8041237113402062,
        "recall": 0.78,
        "f1-score": 0.7918781725888325,
        "support": 100.0
    },
    "couch": {
        "precision": 0.5425531914893617,
        "recall": 0.51,
        "f1-score": 0.5257731958762887,
        "support": 100.0
    },
    "crab": {
        "precision": 0.46017699115044247,
        "recall": 0.52,
        "f1-score": 0.48826291079812206,
        "support": 100.0
    },
    "crocodile": {
        "precision": 0.47058823529411764,
        "recall": 0.48,
        "f1-score": 0.4752475247524752,
        "support": 100.0
    },
    "cup": {
        "precision": 0.8048780487804879,
        "recall": 0.66,
        "f1-score": 0.7252747252747253,
        "support": 100.0
    },
    "dinosaur": {
        "precision": 0.6296296296296297,
        "recall": 0.51,
        "f1-score": 0.56353591160221,
        "support": 100.0
    },
    "dolphin": {
        "precision": 0.6464646464646465,
        "recall": 0.64,
        "f1-score": 0.6432160804020101,
        "support": 100.0
    },
    "elephant": {
        "precision": 0.6666666666666666,
        "recall": 0.6,
        "f1-score": 0.631578947368421,
        "support": 100.0
    },
    "flatfish": {
        "precision": 0.6976744186046512,
        "recall": 0.6,
        "f1-score": 0.6451612903225806,
        "support": 100.0
    },
    "forest": {
        "precision": 0.5596330275229358,
        "recall": 0.61,
        "f1-score": 0.583732057416268,
        "support": 100.0
    },
    "fox": {
        "precision": 0.6132075471698113,
        "recall": 0.65,
        "f1-score": 0.6310679611650486,
        "support": 100.0
    },
    "girl": {
        "precision": 0.2967032967032967,
        "recall": 0.27,
        "f1-score": 0.28272251308900526,
        "support": 100.0
    },
    "hamster": {
        "precision": 0.7045454545454546,
        "recall": 0.62,
        "f1-score": 0.6595744680851063,
        "support": 100.0
    },
    "house": {
        "precision": 0.6226415094339622,
        "recall": 0.66,
        "f1-score": 0.6407766990291263,
        "support": 100.0
    },
    "kangaroo": {
        "precision": 0.46534653465346537,
        "recall": 0.47,
        "f1-score": 0.46766169154228854,
        "support": 100.0
    },
    "keyboard": {
        "precision": 0.8235294117647058,
        "recall": 0.84,
        "f1-score": 0.8316831683168316,
        "support": 100.0
    },
    "lamp": {
        "precision": 0.584070796460177,
        "recall": 0.66,
        "f1-score": 0.6197183098591549,
        "support": 100.0
    },
    "lawn_mower": {
        "precision": 0.794392523364486,
        "recall": 0.85,
        "f1-score": 0.821256038647343,
        "support": 100.0
    },
    "leopard": {
        "precision": 0.65625,
        "recall": 0.63,
        "f1-score": 0.6428571428571429,
        "support": 100.0
    },
    "lion": {
        "precision": 0.6637168141592921,
        "recall": 0.75,
        "f1-score": 0.704225352112676,
        "support": 100.0
    },
    "lizard": {
        "precision": 0.3333333333333333,
        "recall": 0.33,
        "f1-score": 0.3316582914572864,
        "support": 100.0
    },
    "lobster": {
        "precision": 0.5050505050505051,
        "recall": 0.5,
        "f1-score": 0.5025125628140703,
        "support": 100.0
    },
    "man": {
        "precision": 0.3684210526315789,
        "recall": 0.35,
        "f1-score": 0.358974358974359,
        "support": 100.0
    },
    "maple_tree": {
        "precision": 0.5876288659793815,
        "recall": 0.57,
        "f1-score": 0.5786802030456852,
        "support": 100.0
    },
    "motorcycle": {
        "precision": 0.8301886792452831,
        "recall": 0.88,
        "f1-score": 0.8543689320388349,
        "support": 100.0
    },
    "mountain": {
        "precision": 0.8160919540229885,
        "recall": 0.71,
        "f1-score": 0.7593582887700535,
        "support": 100.0
    },
    "mouse": {
        "precision": 0.4036697247706422,
        "recall": 0.44,
        "f1-score": 0.42105263157894735,
        "support": 100.0
    },
    "mushroom": {
        "precision": 0.6421052631578947,
        "recall": 0.61,
        "f1-score": 0.6256410256410256,
        "support": 100.0
    },
    "oak_tree": {
        "precision": 0.5754716981132075,