{
    "apple": {
        "precision": 0.8431372549019608,
        "recall": 0.86,
        "f1-score": 0.8514851485148515,
        "support": 100.0
    },
    "aquarium_fish": {
        "precision": 0.7064220183486238,
        "recall": 0.77,
        "f1-score": 0.7368421052631579,
        "support": 100.0
    },
    "baby": {
        "precision": 0.44545454545454544,
        "recall": 0.49,
        "f1-score": 0.4666666666666667,
        "support": 100.0
    },
    "bear": {
        "precision": 0.4044943820224719,
        "recall": 0.36,
        "f1-score": 0.38095238095238093,
        "support": 100.0
    },
    "beaver": {
        "precision": 0.4897959183673469,
        "recall": 0.48,
        "f1-score": 0.48484848484848486,
        "support": 100.0
    },
    "bed": {
        "precision": 0.6630434782608695,
        "recall": 0.61,
        "f1-score": 0.6354166666666666,
        "support": 100.0
    },
    "bee": {
        "precision": 0.6666666666666666,
        "recall": 0.68,
        "f1-score": 0.6732673267326733,
        "support": 100.0
    },
    "beetle": {
        "precision": 0.7244897959183674,
        "recall": 0.71,
        "f1-score": 0.7171717171717171,
        "support": 100.0
    },
    "bicycle": {
        "precision": 0.7053571428571429,
        "recall": 0.79,
        "f1-score": 0.7452830188679245,
        "support": 100.0
    },
    "bottle": {
        "precision": 0.7010309278350515,
        "recall": 0.68,
        "f1-score": 0.6903553299492385,
        "support": 100.0
    },
    "bowl": {
        "precision": 0.5,
        "recall": 0.48,
        "f1-score": 0.4897959183673469,
        "support": 100.0
    },
    "boy": {
        "precision": 0.42857142857142855,
        "recall": 0.42,
        "f1-score": 0.42424242424242425,
        "support": 100.0
    },
    "bridge": {
        "precision": 0.6637931034482759,
        "recall": 0.77,
        "f1-score": 0.7129629629629629,
        "support": 100.0
    },
    "bus": {
        "precision": 0.5670103092783505,
        "recall": 0.55,
        "f1-score": 0.5583756345177665,
        "support": 100.0
    },
    "butterfly": {
        "precision": 0.6395348837209303,
        "recall": 0.55,
        "f1-score": 0.5913978494623656,
        "support": 100.0
    },
    "camel": {
        "precision": 0.5645161290322581,
        "recall": 0.7,
        "f1-score": 0.625,
        "support": 100.0
    },
    "can": {
        "precision": 0.6126126126126126,
        "recall": 0.68,
        "f1-score": 0.6445497630331753,
        "support": 100.0
    },
    "castle": {
        "precision": 0.7981651376146789,
        "recall": 0.87,
        "f1-score": 0.8325358851674641,
        "support": 100.0
    },
    "caterpillar": {
        "precision": 0.6781609195402298,
        "recall": 0.59,
        "f1-score": 0.6310160427807486,
        "support": 100.0
    },
    "cattle": {
        "precision": 0.6351351351351351,
        "recall": 0.47,
        "f1-score": 0.5402298850574713,
        "support": 100.0
    },
    "chair": {
        "precision": 0.8415841584158416,
        "recall": 0.85,
        "f1-score": 0.845771144278607,
        "support": 100.0
    },
    "chimpanzee": {
        "precision": 0.7043478260869566,
        "recall": 0.81,
        "f1-score": 0.7534883720930232,
        "support": 100.0
    },
    "clock": {
        "precision": 0.6428571428571429,
        "recall": 0.54,
        "f1-score": 0.5869565217391305,
        "support": 100.0
    },
    "cloud": {
        "precision": 0.7692307692307693,
        "recall": 0.8,
        "f1-score": 0.7843137254901961,
        "support": 100.0
    },
    "cockroach": {
        "precision": 0.7962962962962963,
        "recall": 0.86,
        "f1-score": 0.8269230769230769,
        "support": 100.0
    },
    "couch": {
        "precision": 0.5408163265306123,
        "recall": 0.53,
        "f1-score": 0.5353535353535354,
        "support": 100.0
    },
    "crab": {
        "precision": 0.4857142857142857,
        "recall": 0.51,
        "f1-score": 0.4975609756097561,
        "support": 100.0
    },
    "crocodile": {
        "precision": 0.52,
        "recall": 0.52,
        "f1-score": 0.52,
        "support": 100.0
    },
    "cup": {
        "precision": 0.8,
        "recall": 0.68,
        "f1-score": 0.7351351351351352,
        "support": 100.0
    },
    "dinosaur": {
        "precision": 0.5918367346938775,
        "recall": 0.58,
        "f1-score": 0.5858585858585859,
        "support": 100.0
    },
    "dolphin": {
        "precision": 0.6404494382022472,
        "recall": 0.57,
        "f1-score": 0.6031746031746031,
        "support": 100.0
    },
    "elephant": {
        "precision": 0.5882352941176471,
        "recall": 0.6,
        "f1-score": 0.594059405940594,
        "support": 100.0
    },
    "flatfish": {
        "precision": 0.6494845360824743,
        "recall": 0.63,
        "f1-score": 0.6395939086294417,
        "support": 100.0
    },
    "forest": {
        "precision": 0.594059405940594,
        "recall": 0.6,
        "f1-score": 0.5970149253731343,
        "support": 100.0
    },
    "fox": {
        "precision": 0.5614035087719298,
        "recall": 0.64,
        "f1-score": 0.5981308411214953,
        "support": 100.0
    },
    "girl": {
        "precision": 0.3953488372093023,
        "recall": 0.34,
        "f1-score": 0.3655913978494624,
        "support": 100.0
    },
    "hamster": {
        "precision": 0.7073170731707317,
        "recall": 0.58,
        "f1-score": 0.6373626373626373,
        "support": 100.0
    },
    "house": {
        "precision": 0.65625,
        "recall": 0.63,
        "f1-score": 0.6428571428571429,
        "support": 100.0
    },
    "kangaroo": {
        "precision": 0.4132231404958678,
        "recall": 0.5,
        "f1-score": 0.45248868778280543,
        "support": 100.0
    },
    "keyboard": {
        "precision": 0.9130434782608695,
        "recall": 0.84,
        "f1-score": 0.875,
        "support": 100.0
    },
    "lamp": {
        "precision": 0.651685393258427,
        "recall": 0.58,
        "f1-score": 0.6137566137566137,
        "support": 100.0
    },
    "lawn_mower": {
        "precision": 0.8095238095238095,
        "recall": 0.85,
        "f1-score": 0.8292682926829268,
        "support": 100.0
    },
    "leopard": {
        "precision": 0.7058823529411765,
        "recall": 0.6,
        "f1-score": 0.6486486486486487,
        "support": 100.0
    },
    "lion": {
        "precision": 0.7608695652173914,
        "recall": 0.7,
        "f1-score": 0.7291666666666666,
        "support": 100.0
    },
    "lizard": {
        "precision": 0.2831858407079646,
        "recall": 0.32,
        "f1-score": 0.3004694835680751,
        "support": 100.0
    },
    "lobster": {
        "precision": 0.49056603773584906,
        "recall": 0.52,
        "f1-score": 0.5048543689320388,
        "support": 100.0
    },
    "man": {
        "precision": 0.43956043956043955,
        "recall": 0.4,
        "f1-score": 0.418848167539267,
        "support": 100.0
    },
    "maple_tree": {
        "precision": 0.5855855855855856,
        "recall": 0.65,
        "f1-score": 0.6161137440758294,
        "support": 100.0
    },
    "motorcycle": {
        "precision": 0.7946428571428571,
        "recall": 0.89,
        "f1-score": 0.839622641509434,
        "support": 100.0
    },
    "mountain": {
        "precision": 0.7281553398058253,
        "recall": 0.75,
        "f1-score": 0.7389162561576355,
        "support": 100.0
    },
    "mouse": {
        "precision": 0.4411764705882353,
        "recall": 0.45,
        "f1-score": 0.44554455445544555,
        "support": 100.0
    },
    "mushroom": {
        "precision": 0.6464646464646465,
        "recall": 0.64,
        "f1-score": 0.6432160804020101,
        "support": 100.0
    },
    "oak_tree": {
        "precision": 0.5784313725490197,
        "recall": 0.59,
        "f1-score": 0.5841584158415841,