{
    "model_name": "baseline_ml",
    "accuracy": 96.06,
    "f1_score": 96.06898227930444,
    "precision": 96.09758525464002,
    "recall": 96.06,
    "ece": 0.02352646183073521,
    "mce": 0.70751953125,
    "ace": 0.2593192160129547,
    "rmsce": 0.0647002548853266,
    "per_class_accuracy": [
        96.8,
        97.1,
        94.89999999999999,
        93.5,
        97.2,
        92.4,
        96.89999999999999,
        97.3,
        97.3,
        97.2
    ]
}