{
    "accuracy": 96.74000000000001,
    "f1_score": 96.74808041508619,
    "precision": 96.80431872974825,
    "recall": 96.74,
    "ece": 0.019001315021514892,
    "per_class_accuracy": [
        98.1,
        99.3,
        96.2,
        95.3,
        96.1,
        91.8,
        99.1,
        97.6,
        98.0,
        95.89999999999999
    ]
}