{
    "model_name": "student",
    "accuracy": 96.32,
    "f1_score": 96.32345705272058,
    "precision": 96.39362896928489,
    "recall": 96.32,
    "ece": 0.025562744557857512,
    "mce": 0.39794921875,
    "ace": 0.15247204899787903,
    "rmsce": 0.05662732060118554,
    "per_class_accuracy": [
        98.9,
        99.0,
        96.6,
        94.89999999999999,
        95.3,
        90.8,
        98.8,
        97.5,
        96.7,
        94.69999999999999
    ]
}