{
    "model_name": "mobilenet",
    "accuracy": 95.6,
    "f1_score": 95.57933949819223,
    "precision": 95.5868198549884,
    "recall": 95.60000000000001,
    "ece": 0.023802833870053292,
    "mce": 0.296142578125,
    "ace": 0.14190950989723206,
    "rmsce": 0.05589563900201355,
    "per_class_accuracy": [
        96.7,
        98.4,
        95.5,
        87.8,
        96.1,
        91.10000000000001,
        98.5,
        97.39999999999999,
        97.5,
        97.0
    ]
}