{
    "MetaStudent_Smeta_Recalibrated_STL10": {
        "accuracy": 8.0,
        "ece": 0.12172079467773439,
        "loss": 2.6154736557006837,
        "f1_score": 0.030671409361166534,
        "precision": 0.05303443221926836,
        "recall": 0.08
    }
}