{
    "MetaStudent_Smeta_STL10": {
        "accuracy": 38.5875,
        "ece": 0.18688433837890622,
        "loss": 1.9668735847473144,
        "f1_score": 0.4072248879401893,
        "precision": 0.5586547114722179,
        "recall": 0.385875
    }
}