{
    "MetaStudent_Smeta_STL10": {
        "accuracy": 5.975,
        "ece": 0.06298283386230469,
        "loss": 2.3148065185546876,
        "f1_score": 0.05610976994012582,
        "precision": 0.058264589762656346,
        "recall": 0.05974999999999999
    }
}