{
    "Baseline_Sb_STL10": {
        "accuracy": 12.4125,
        "ece": 0.004592803955078129,
        "loss": 2.2923055419921874,
        "f1_score": 0.07199679175100619,
        "precision": 0.10119561008131409,
        "recall": 0.12412500000000001
    },
    "Distilled_Sd_STL10": {
        "accuracy": 4.4125,
        "ece": 0.0691703643798828,
        "loss": 2.334833251953125,
        "f1_score": 0.022952130200075655,
        "precision": 0.017688049982893504,
        "recall": 0.044125
    },
    "Mutual_Sm_STL10": {
        "accuracy": 13.5625,
        "ece": 0.017760559082031252,
        "loss": 2.3206138916015626,
        "f1_score": 0.12624847622250943,
        "precision": 0.129114871919324,
        "recall": 0.13562499999999997
    },
    "MetaStudent_Smeta_STL10": {
        "accuracy": 3.8375,
        "ece": 0.08367236328125,
        "loss": 2.33093408203125,
        "f1_score": 0.042663232021329475,
        "precision": 0.05772085889675429,
        "recall": 0.038375
    }
}