{
    "MetaStudent_Smeta_STL10": {
        "accuracy": 94.5875,
        "ece": 0.09639257812499999,
        "loss": 0.2726859526634216,
        "f1_score": 0.9460447750858428,
        "precision": 0.9469405413716832,
        "recall": 0.945875
    }
}