{
    "Baseline_Sb_STL10": {
        "accuracy": 14.1125,
        "ece": 0.006804145812988277,
        "loss": 2.283513000488281,
        "f1_score": 0.07385190920502492,
        "precision": 0.11429923016537344,
        "recall": 0.141125
    },
    "Distilled_Sd_STL10": {
        "accuracy": 8.0,
        "ece": 0.02748291015625,
        "loss": 2.3065205078125,
        "f1_score": 0.03153911208924058,
        "precision": 0.06976275179355065,
        "recall": 0.08
    },
    "Mutual_Sm_STL10": {
        "accuracy": 12.9,
        "ece": 0.009457733154296887,
        "loss": 2.3121998291015626,
        "f1_score": 0.062280013857872796,
        "precision": 0.12911167804475446,
        "recall": 0.129
    },
    "MetaStudent_Smeta_Recalibrated_STL10": {
        "accuracy": 6.525,
        "ece": 0.10456387329101563,
        "loss": 2.3842567138671873,
        "f1_score": 0.06209306559586386,
        "precision": 0.06576751887751801,
        "recall": 0.06525
    }
}