{
    "MetaStudent_Smeta_STL10": {
        "accuracy": 6.975,
        "ece": 0.05154364013671875,
        "loss": 2.329891357421875,
        "f1_score": 0.05236471518992719,
        "precision": 0.04557770649455835,
        "recall": 0.06975
    }
}