{
    "Baseline_Sb_STL10": {
        "accuracy": 12.4125,
        "ece": 0.004539794921875005,
        "loss": 2.292299560546875,
        "f1_score": 0.07199541656875405,
        "precision": 0.1011203508962685,
        "recall": 0.12412500000000001
    },
    "Distilled_Sd_STL10": {
        "accuracy": 4.425,
        "ece": 0.0690453643798828,
        "loss": 2.3348349609375,
        "f1_score": 0.023050989491098958,
        "precision": 0.01776751569498656,
        "recall": 0.04425
    },
    "Mutual_Sm_STL10": {
        "accuracy": 13.5625,
        "ece": 0.017693115234375008,
        "loss": 2.3206087646484375,
        "f1_score": 0.12626674818160896,
        "precision": 0.12919241005397145,
        "recall": 0.13562499999999997
    },
    "MetaStudent_Smeta_Recalibrated_STL10": {
        "accuracy": 9.7125,
        "ece": 0.059359542846679686,
        "loss": 2.33191357421875,
        "f1_score": 0.07938810240159987,
        "precision": 0.11203551914446067,
        "recall": 0.09712499999999999
    }
}