{
    "Baseline_Sb_STL10": {
        "accuracy": 14.1125,
        "ece": 0.006804145812988277,
        "loss": 2.2835131225585936,
        "f1_score": 0.07384458517792557,
        "precision": 0.114280689170118,
        "recall": 0.141125
    },
    "Distilled_Sd_STL10": {
        "accuracy": 8.0,
        "ece": 0.02748291015625,
        "loss": 2.306519287109375,
        "f1_score": 0.03154159306490158,
        "precision": 0.06976481612933463,
        "recall": 0.08
    },
    "Mutual_Sm_STL10": {
        "accuracy": 12.9,
        "ece": 0.009457733154296887,
        "loss": 2.3122000732421877,
        "f1_score": 0.06226709839885325,
        "precision": 0.1290984720473925,
        "recall": 0.129
    },
    "MetaStudent_Smeta_Recalibrated_STL10": {
        "accuracy": 8.8875,
        "ece": 0.05657821655273438,
        "loss": 2.351078857421875,
        "f1_score": 0.07813090949423021,
        "precision": 0.08927721198184804,
        "recall": 0.088875
    }
}