{
    "MetaStudent_Smeta_STL10": {
        "accuracy": 10.05,
        "ece": 0.05397088623046876,
        "loss": 2.34161328125,
        "f1_score": 0.03850378694417141,
        "precision": 0.037062729121086276,
        "recall": 0.10049999999999999
    }
}