{
    "MetaStudent_Smeta_Recalibrated_STL10": {
        "accuracy": 8.25,
        "ece": 0.13869264221191407,
        "loss": 2.7644479122161867,
        "f1_score": 0.03507109304524091,
        "precision": 0.06906030183456804,
        "recall": 0.08249999999999999
    }
}