{
    "model_name": "efficientnet",
    "accuracy": 94.69999999999999,
    "f1_score": 94.69590461762564,
    "precision": 94.74723790899354,
    "recall": 94.69999999999999,
    "ece": 0.017217343676090242,
    "mce": 0.2630789875984192,
    "ace": 0.09607321272293727,
    "rmsce": 0.12593857648124127,
    "per_class_accuracy": [
        97.1,
        96.8,
        94.19999999999999,
        90.10000000000001,
        96.2,
        87.4,
        96.39999999999999,
        96.1,
        96.89999999999999,
        95.8
    ]
}