{
    "model_name": "resnet",
    "accuracy": 95.35,
    "f1_score": 95.33988873250031,
    "precision": 95.35239811336108,
    "recall": 95.35,
    "ece": 0.02319743378162384,
    "mce": 0.315673828125,
    "ace": 0.12711043655872345,
    "rmsce": 0.04971352693003566,
    "per_class_accuracy": [
        96.8,
        97.39999999999999,
        96.3,
        88.3,
        95.3,
        91.0,
        97.89999999999999,
        97.2,
        97.0,
        96.3
    ]
}