{
    "model_name": "inception",
    "accuracy": 95.49,
    "f1_score": 95.53364113858179,
    "precision": 95.65969931913718,
    "recall": 95.49,
    "ece": 0.07214144922494889,
    "mce": 0.2474365234375,
    "ace": 0.09315821031729381,
    "rmsce": 0.10864446335065707,
    "per_class_accuracy": [
        95.6,
        97.2,
        95.39999999999999,
        95.3,
        96.5,
        92.7,
        95.0,
        95.8,
        96.2,
        95.19999999999999
    ]
}