{
    "model_name": "ensemble",
    "accuracy": 97.43,
    "f1_score": 97.42757908299741,
    "precision": 97.43287276743774,
    "recall": 97.43,
    "ece": 0.3016359885215759,
    "mce": 0.46812334656715393,
    "ace": 0.32739970088005066,
    "rmsce": 0.31617811671222634,
    "per_class_accuracy": [
        98.7,
        98.8,
        96.8,
        94.1,
        97.8,
        95.0,
        99.6,
        98.4,
        97.7,
        97.39999999999999
    ]
}