{
    "model_name": "mobilenet",
    "accuracy": 97.14,
    "f1_score": 97.14090235476442,
    "precision": 97.14611218034442,
    "recall": 97.14,
    "ece": 0.05005694788098336,
    "mce": 0.1051839292049408,
    "ace": 0.060888271778821945,
    "rmsce": 0.06578365432987368,
    "per_class_accuracy": [
        97.3,
        98.7,
        96.89999999999999,
        94.19999999999999,
        98.2,
        95.1,
        98.1,
        97.39999999999999,
        98.5,
        97.0
    ]
}