{
    "model_name": "vit",
    "accuracy": 96.33,
    "f1_score": 96.33521206324642,
    "precision": 96.35083482573602,
    "recall": 96.33,
    "ece": 0.01186637563109398,
    "mce": 0.310546875,
    "ace": 0.07280363548885692,
    "rmsce": 0.10905863410744432,
    "per_class_accuracy": [
        97.5,
        97.7,
        95.8,
        94.1,
        96.2,
        92.5,
        97.7,
        97.8,
        96.89999999999999,
        97.1
    ]
}