{
    "model_name": "efficientnet",
    "accuracy": 95.23,
    "f1_score": 95.235993771805,
    "precision": 95.2882047766304,
    "recall": 95.22999999999999,
    "ece": 0.022310105922818187,
    "mce": 0.21433120965957642,
    "ace": 0.10834553092718124,
    "rmsce": 0.048441338657874734,
    "per_class_accuracy": [
        97.89999999999999,
        97.7,
        92.7,
        92.7,
        94.5,
        90.3,
        98.1,
        97.6,
        94.6,
        96.2
    ]
}