{
    "model_name": "student",
    "accuracy": 94.77,
    "f1_score": 94.75858735959616,
    "precision": 94.78610547138801,
    "recall": 94.77,
    "ece": 0.013800527393817902,
    "mce": 0.09417438507080078,
    "ace": 0.04716900803826072,
    "rmsce": 0.056764669954644485,
    "per_class_accuracy": [
        96.7,
        98.1,
        95.5,
        88.7,
        96.8,
        89.2,
        96.7,
        96.89999999999999,
        96.0,
        93.10000000000001
    ]
}