{
    "train_loss": [
        0.41851128687531775,
        0.24651605042163283,
        0.19685128512157296,
        0.16203390280134045,
        0.14849581034451892,
        0.12481988468260335,
        0.11726817188371735,
        0.10168753679979338,
        0.09817198549651286,
        0.0833119354210794,
        0.0803504523567178,
        0.0727752494990868,
        0.06662221158463084,
        0.06394406368913637,
        0.05635269249482504,
        0.0546262405722783,
        0.0504066369401037,
        0.04363844078563323,
        0.04100601529088718,
        0.042883821987991476,
        0.03352174452580088,
        0.030121219966200773,
        0.02779702473410659,
        0.02367944490503181,
        0.027362288708735086,
        0.02097464589910074,
        0.021608704709003425,
        0.016637150772360408,
        0.01691154938519255,
        0.015415042958920822,
        0.012602569149087438,
        0.01186997974450192,
        0.009050347662361508,
        0.009319580281788314,
        0.007715558051131666
    ],
    "train_acc": [
        85.87333333333333,
        91.68222222222222,
        93.40444444444445,
        94.45333333333333,
        94.94666666666667,
        95.67777777777778,
        95.99333333333334,
        96.45111111111112,
        96.71777777777778,
        97.19111111111111,
        97.2,
        97.52,
        97.77333333333333,
        97.82888888888888,
        98.06666666666666,
        98.28666666666666,
        98.34,
        98.56222222222222,
        98.59555555555555,
        98.55777777777777,
        98.8488888888889,
        98.96222222222222,
        99.05333333333333,
        99.20666666666666,
        99.07333333333334,
        99.34444444444445,
        99.31111111111112,
        99.46888888888888,
        99.42666666666666,
        99.45333333333333,
        99.57333333333334,
        99.59333333333333,
        99.67555555555556,
        99.72,
        99.75111111111111
    ],
    "val_loss": [
        0.26950484306751926,
        0.19845754747526556,
        0.20593386162308197,
        0.17115657130562806,
        0.20632801813226712,
        0.19576480395243137,
        0.1675590325759936,
        0.19244248019177704,
        0.17613742552414724,
        0.16308852426613432,
        0.18895079912264137,
        0.17521146192109283,
        0.1852178210982039,
        0.20296027230782598,
        0.17070778025479255,
        0.1749552795545587,
        0.18220948331246647,
        0.16901147278332257,
        0.20874710484773298,
        0.15103984256333944,
        0.17308462562063073,
        0.17363984939418262,
        0.1741080160335272,
        0.17722246472877037,
        0.1508034036223647,
        0.16112138986398902,
        0.16551442232124414,
        0.1892795661063511,
        0.17726966033725045,
        0.17588701660308656,
        0.18623748883793625,
        0.16211920908263214,
        0.16579792210007016,
        0.17054340877582,
        0.1849856772047432
    ],
    "val_acc": [
        90.4,
        93.12,
        93.62,
        94.42,
        93.28,
        94.22,
        94.52,
        94.24,
        94.78,
        94.6,
        94.34,
        95.12,
        94.52,
        94.78,
        95.22,
        95.16,
        94.86,
        95.52,
        94.92,
        95.88,
        95.68,
        95.74,
        95.5,
        95.2,
        96.16,
        96.06,
        96.26,
        95.82,
        96.1,
        96.04,
        95.84,
        96.34,
        96.42,
        96.44,
        96.22
    ],
    "val_ece": [
        0.02787799973487854,
        0.005546050727367401,
        0.015136721193790436,
        0.015425927889347076,
        0.022502141386270522,
        0.02136698463559151,
        0.013870947080850602,
        0.022211663514375687,
        0.017337060993909834,
        0.021258112955093385,
        0.027415721809864044,
        0.022365086102485658,
        0.022210662484169006,
        0.026715337550640105,
        0.021177439218759538,
        0.022875289994478226,
        0.026732614588737488,
        0.022016165971755982,
        0.02705566105246544,
        0.02084579813480377,
        0.023668356490135194,
        0.022101414561271668,
        0.026108401709794997,
        0.024588280940055846,
        0.020860548973083495,
        0.020496340003609656,
        0.020157766926288605,
        0.023690132999420167,
        0.021335646963119508,
        0.021702929842472077,
        0.02372973558306694,
        0.020521483713388442,
        0.021468947368860243,
        0.021210352927446365,
        0.02317158329188824
    ],
    "val_f1": [
        0.9022124430271263,
        0.9309216953752555,
        0.9362183988564678,
        0.9438344384667312,
        0.9325546266620268,
        0.9420143414650337,
        0.9446729363750294,
        0.9417962570680112,
        0.9475617486596443,
        0.9458112288642097,
        0.9431021674296585,
        0.9512090942744094,
        0.9451083557448537,
        0.9475061695485575,
        0.9520282349476166,
        0.9513110262472642,
        0.9483102491709927,
        0.9551603313177504,
        0.9489062822750507,
        0.9585533696490792,
        0.9566986643372944,
        0.9572089957986936,
        0.9547435752996905,
        0.9517124434799691,
        0.9613424605440912,
        0.9604169518235661,
        0.9623826246321519,
        0.9578019424031952,
        0.9607465992379642,
        0.9602181016340697,
        0.9583146862124938,
        0.9631451963911102,
        0.9639837091075736,
        0.9641244818771764,
        0.9621295897444796
    ],
    "best_epoch": 33,