{
    "train_loss": [
        0.41851128687531775,
        0.24547501202588054,
        0.19587713054550643,
        0.16810152936324646,
        0.1464191440000749,
        0.12551493453793228,
        0.11639702205271037,
        0.10509573421652683,
        0.09275914782086726,
        0.08448991889864291,
        0.07990927800578489,
        0.07203653246291321,
        0.062222405439983544,
        0.06081627859120173,
        0.05332618260184641,
        0.04499133785297586,
        0.04696720862888138,
        0.04247320878890936,
        0.035340681756761944,
        0.034966729165965015,
        0.029654289272994818,
        0.02824305225195448,
        0.026440574385395103,
        0.02471462118079547,
        0.01920202217033048,
        0.013989702234870161,
        0.018971654025583783,
        0.01338784957558594,
        0.015521078986983577,
        0.010700572139202532
    ],
    "train_acc": [
        85.87333333333333,
        91.84,
        93.25555555555556,
        94.29777777777778,
        94.97111111111111,
        95.71555555555555,
        95.95555555555555,
        96.36666666666666,
        96.74222222222222,
        97.01555555555555,
        97.27555555555556,
        97.49333333333334,
        97.82222222222222,
        97.90222222222222,
        98.14,
        98.47555555555556,
        98.35555555555555,
        98.54666666666667,
        98.86,
        98.8711111111111,
        99.04666666666667,
        99.11111111111111,
        99.05777777777777,
        99.18666666666667,
        99.38222222222223,
        99.5111111111111,
        99.38222222222223,
        99.55333333333333,
        99.46,
        99.64888888888889
    ],
    "val_loss": [
        0.26950484306751926,
        0.19855144912306266,
        0.18739027147994766,
        0.19244846253644063,
        0.20337573971740808,
        0.16034826867376703,
        0.16166272174708451,
        0.17075394829617271,
        0.1601192108768074,
        0.1677915737080046,
        0.16633653329520287,
        0.1575581280255242,
        0.17782287830133228,
        0.16559713248965108,
        0.18883503539652763,
        0.1848986697725103,
        0.1750960023955831,
        0.17326398290505138,
        0.15146036828054657,
        0.15100406388504595,
        0.16997365936448303,
        0.1552518843614225,
        0.17384993086887313,
        0.16593759445638595,
        0.15174927652070794,
        0.17921411547856994,
        0.1718254232236856,
        0.17989073382525506,
        0.1808641852363001,
        0.17124234658630588
    ],
    "val_acc": [
        90.4,
        92.96,
        93.62,
        93.54,
        93.24,
        94.72,
        94.66,
        94.66,
        95.14,
        94.94,
        94.8,
        95.66,
        95.36,
        95.5,
        94.78,
        95.36,
        95.44,
        95.48,
        96.14,
        95.86,
        95.64,
        95.7,
        95.8,
        95.92,
        96.24,
        95.76,
        96.16,
        95.94,
        96.1,
        96.24
    ],
    "val_ece": [
        0.02787799973487854,
        0.008919101452827453,
        0.009776698127388954,
        0.01806670029759407,
        0.022986822468042373,
        0.015334385526180267,
        0.010718315145373344,
        0.020585349839925767,
        0.013917486092448235,
        0.02039892767071724,
        0.0228862344622612,
        0.01657768422961235,
        0.01965171520113945,
        0.019380514365434646,
        0.025203851118683816,
        0.023712550485134126,
        0.021655030950903893,
        0.02133725040256977,
        0.01761728230714798,
        0.023565721735358237,
        0.02348447578549385,
        0.022701705265045165,
        0.02208378710746765,
        0.021712649798393248,
        0.019995999425649644,
        0.026166358357667924,
        0.020418505066633223,
        0.022195700716972352,
        0.02239740927219391,
        0.022442676931619644
    ],
    "val_f1": [
        0.9022124430271263,
        0.9294932978740522,
        0.9360531361412997,
        0.9349426637709891,
        0.9318499691683148,
        0.9469263650871358,
        0.9461595296405203,
        0.9461991154574736,
        0.9508870157159836,
        0.9492173640025084,
        0.9479660576931881,
        0.9563785878317687,
        0.9533721217352588,
        0.9548927958145988,
        0.9476882910473184,
        0.9535487367403249,
        0.9541765012661985,
        0.9546172548209061,
        0.9611662631660781,
        0.9584262059265184,
        0.9562224484011782,
        0.9569553142254982,
        0.9578220006270517,
        0.9589214791249541,
        0.9623437573303837,
        0.957318306288822,
        0.9613492002106365,
        0.9593024062960585,
        0.9606686242068075,
        0.9622226632633192
    ],
    "best_epoch": 24,