{
    "models": [
        "baseline_ed",
        "baseline_ml"
    ],
    "accuracy": [
        96.09,
        96.06
    ],
    "f1_score": [
        96.09655751744506,
        96.06898227930444
    ],
    "precision": [
        96.11344699520588,
        96.09758525464002
    ],
    "recall": [
        96.09,
        96.06
    ],
    "ece": [
        0.021766725343465805,
        0.02352646183073521
    ],
    "mce": [
        0.2598069906234741,
        0.70751953125
    ],
    "ace": [
        0.14908970892429352,
        0.2593192160129547
    ],
    "rmsce": [
        0.05910811632810488,
        0.0647002548853266
    ]
}