{
    "student": {
        "ece": 0.025562744557857512
    },
    "vit": {
        "ece": 0.02425160640925169
    },
    "efficientnet": {
        "ece": 0.022310105922818187
    },
    "inception": {
        "ece": 0.055630125821381805
    },
    "mobilenet": {
        "ece": 0.023802833870053292
    },
    "resnet": {
        "ece": 0.02319743378162384
    },
    "densenet": {
        "ece": 0.018857933229207993
    },
    "ensemble": {
        "ece": 0.3016359888911247
    }
}