{
    "student_teacher_agreement": {
        "vit": 92.0,
        "efficientnet": 96.0,
        "inception": 11.0,
        "mobilenet": 93.0,
        "resnet": 93.0,
        "densenet": 93.0
    },
    "ground_truth_agreement": {
        "student": 96.0,
        "vit": 92.0,
        "efficientnet": 93.0,
        "inception": 9.0,
        "mobilenet": 94.0,
        "resnet": 94.0,
        "densenet": 97.0
    },
    "average_entropies": {
        "student": 0.0281829833984375,
        "vit": 0.1943359375,
        "efficientnet": 0.0660400390625,
        "inception": 2.24609375,
        "mobilenet": 0.08453369140625,
        "resnet": 0.040252685546875,
        "densenet": 0.0318603515625
    },
    "disagreement_ratio": 92.0
}