{
    "models": [
        "student",
        "vit",
        "efficientnet",
        "inception",
        "mobilenet",
        "resnet",
        "densenet",
        "ensemble"
    ],
    "accuracy": [
        96.32,
        92.47,
        95.23,
        10.0,
        95.6,
        95.35,
        96.76,
        97.43
    ],
    "f1_score": [
        96.32345705272058,
        92.45313081076884,
        95.235993771805,
        5.658740034489031,
        95.57933949819223,
        95.33988873250031,
        96.76101083873175,
        97.42757908299741
    ],
    "precision": [
        96.39362896928489,
        92.50847078604914,
        95.2882047766304,
        4.842381934611646,
        95.5868198549884,
        95.35239811336108,
        96.78148527246788,
        97.43287276743774
    ],
    "recall": [
        96.32,
        92.46999999999998,
        95.22999999999999,
        10.0,
        95.60000000000001,
        95.35,
        96.76,
        97.43
    ],
    "ece": [
        0.025562744557857512,
        0.02425160640925169,
        0.022310105922818187,
        0.04203939270600677,
        0.023802833870053292,
        0.02319743378162384,
        0.018857933229207993,
        0.3016359885215759
    ],
    "mce": [
        0.39794921875,
        0.10249023139476776,
        0.21433120965957642,
        0.2130126953125,
        0.296142578125,
        0.315673828125,
        0.380126953125,
        0.46812334656715393
    ],
    "ace": [
        0.15247204899787903,
        0.06616579741239548,
        0.10834553092718124,
        0.09305873513221741,
        0.14190950989723206,
        0.12711043655872345,
        0.17329543828964233,
        0.32739970088005066
    ],
    "rmsce": [
        0.05662732060118554,
        0.03674460709856083,
        0.048441338657874734,
        0.05370951993721855,
        0.05589563900201355,
        0.04971352693003566,
        0.054919227068496,
        0.31617811671222634
    ]
}