{
    "model_name": "vit",
    "accuracy": 92.47,
    "f1_score": 92.45313081076884,
    "precision": 92.50847078604914,
    "recall": 92.46999999999998,
    "ece": 0.02425160640925169,
    "mce": 0.10249023139476776,
    "ace": 0.06616579741239548,
    "rmsce": 0.03674460709856083,
    "per_class_accuracy": [
        94.5,
        97.89999999999999,
        90.7,
        83.2,
        91.8,
        88.2,
        97.7,
        95.5,
        94.39999999999999,
        90.8
    ]
}