{
    "models": [
        "student",
        "vit",
        "efficientnet",
        "resnet",
        "densenet"
    ],
    "accuracy": [
        94.77,
        96.33,
        94.69999999999999,
        92.17999999999999,
        93.71000000000001
    ],
    "f1_score": [
        94.75858735959616,
        96.33521206324642,
        94.69590461762564,
        92.14685111586526,
        93.72673294984108
    ],
    "precision": [
        94.78610547138801,
        96.35083482573602,
        94.74723790899354,
        92.15290853849727,
        93.83527051359042
    ],
    "recall": [
        94.77,
        96.33,
        94.69999999999999,
        92.17999999999999,
        93.70999999999998
    ],
    "ece": [
        0.013800527393817902,
        0.01186637563109398,
        0.017217343676090242,
        0.004005139005184174,
        0.006689212065935134
    ]
}