{
    "model_name": "inception",
    "accuracy": 10.0,
    "f1_score": 5.658740034489031,
    "precision": 4.842381934611646,
    "recall": 10.0,
    "ece": 0.04203939270600677,
    "mce": 0.2130126953125,
    "ace": 0.09305873513221741,
    "rmsce": 0.05370951993721855,
    "per_class_accuracy": [
        0.7000000000000001,
        0.0,
        54.0,
        0.0,
        0.0,
        24.4,
        0.1,
        19.1,
        0.0,
        1.7000000000000002
    ]
}