{
    "train_loss": [
        0.4144959007813172,
        0.25852877976880834,
        0.21224561395038935,
        0.17478458148384976,
        0.14763266082048754,
        0.13079646964218805,
        0.1151893496280536,
        0.10235204338625242,
        0.09077703141057017,
        0.08430388419814831,
        0.07113589645649138,
        0.0657706713245716,
        0.05924872420886955,
        0.052304805898694955,
        0.050969134678863076,
        0.04158123653112191,
        0.039635531740879575,
        0.0350673676816355,
        0.030797733075980268,
        0.02739406078928203,
        0.02523731152343151,
        0.021838823670391735,
        0.02147780811413792
    ],
    "train_acc": [
        85.92888888888889,
        91.27555555555556,
        92.81111111111112,
        94.12,
        95.00444444444445,
        95.41555555555556,
        96.12666666666667,
        96.52444444444444,
        96.98666666666666,
        97.17777777777778,
        97.64666666666666,
        97.76666666666667,
        97.96444444444444,
        98.21777777777778,
        98.24888888888889,
        98.60888888888888,
        98.64888888888889,
        98.82,
        98.96666666666667,
        99.09333333333333,
        99.14222222222222,
        99.24222222222222,
        99.31333333333333
    ],
    "val_loss": [
        0.30742835588753226,
        0.3379080194979906,
        0.21755253039300443,
        0.2344033047556877,
        0.26670677289366723,
        0.1912133267149329,
        0.1828018730506301,
        0.21246546637266875,
        0.20777120105922223,
        0.20533496253192424,
        0.23582397270947694,
        0.18133485168218613,
        0.17675936724990607,
        0.20375243332237006,
        0.19451400823891163,
        0.23894420117139817,
        0.20778340492397546,
        0.2013162941671908,
        0.20747977420687674,
        0.19117442169226706,
        0.1913305252790451,
        0.21873032338917256,
        0.19889303175732492
    ],
    "val_acc": [
        89.8,
        89.08,
        91.98,
        91.88,
        91.74,
        93.66,
        94.04,
        93.5,
        93.9,
        93.96,
        93.62,
        94.78,
        94.58,
        94.52,
        94.56,
        94.14,
        94.68,
        95.02,
        95.12,
        95.42,
        95.34,
        95.16,
        95.56
    ],
    "val_f1": [
        0.8961942758369638,
        0.8893098608393565,
        0.9191753702456369,
        0.9182257787826332,
        0.9172894793092838,
        0.9362941004624951,
        0.9401888159348676,
        0.9349826506198031,
        0.9384447689484935,
        0.9400281966329708,
        0.9359328199207472,
        0.9476826823620332,
        0.9454499482448233,
        0.9448254372919292,
        0.9451246838996065,
        0.941531060473498,
        0.9467407592169543,
        0.9502323455461935,
        0.9509932577872726,
        0.9539150618130435,
        0.9531256061533527,
        0.9516822748832352,
        0.955304001350599
    ],
    "val_ece": [
        0.027433689683675766,
        0.03132220357656479,
        0.01735430583357811,
        0.02549789473414421,
        0.029604485258460045,
        0.019321557134389877,
        0.01821020245552063,
        0.027106303721666336,
        0.029119815677404404,
        0.024627335369586945,
        0.03351607173681259,
        0.022679340094327927,
        0.025514155626296997,
        0.02805132046341896,
        0.031064456328749657,
        0.03410888463258743,
        0.030807912349700928,
        0.027311861515045166,
        0.028239013627171516,
        0.024708006531000137,
        0.02578720450401306,
        0.02862914837896824,
        0.026371972635388374
    ],
    "cal_weights": [
        0.0033333333333333335,
        0.006666666666666667,
        0.010000000000000002,
        0.013333333333333334,
        0.016666666666666666,
        0.020000000000000004,
        0.023333333333333334,
        0.02666666666666667,
        0.030000000000000002,
        0.03333333333333333,
        0.03666666666666667,
        0.04000000000000001,
        0.043333333333333335,
        0.04666666666666667,
        0.05,
        0.05333333333333334,
        0.05666666666666667,
        0.060000000000000005,
        0.06333333333333334,
        0.06666666666666667,
        0.07,
        0.07333333333333333,
        0.07666666666666667
    ],
    "best_epoch": 13
}