{
    "train_loss": [
        0.45013163012122126,
        0.2854518113709462,
        0.2234119352220684,
        0.1886198215243521,
        0.16518498523797584,
        0.14302627288626524,
        0.12884459808613116,
        0.11187778396251286,
        0.09865163620538193,
        0.08787913530624479,
        0.08155784770333709,
        0.07321265562424319,
        0.06259167906092665,
        0.05782435945422268,
        0.05326693187827342,
        0.0498505327690685,
        0.04558641415250154,
        0.04125394568642343,
        0.03907628889008339,
        0.031824869245778965,
        0.02879580335716745,
        0.02581773457172008,
        0.02421279554915935,
        0.021319070987872023,
        0.01731220742550141,
        0.016143601154767623
    ],
    "train_acc": [
        84.85555555555555,
        90.42888888888889,
        92.54666666666667,
        93.76222222222222,
        94.4088888888889,
        95.11555555555556,
        95.65333333333334,
        96.12666666666667,
        96.64444444444445,
        97.04888888888888,
        97.18,
        97.53111111111112,
        97.84222222222222,
        98.02888888888889,
        98.19111111111111,
        98.32444444444444,
        98.46444444444444,
        98.56888888888889,
        98.69111111111111,
        98.94444444444444,
        99.04444444444445,
        99.19111111111111,
        99.19111111111111,
        99.28666666666666,
        99.44,
        99.44666666666667
    ],
    "val_loss": [
        0.2636497492670633,
        0.21544357882753298,
        0.22708506450341764,
        0.18543906395982027,
        0.18779258831006707,
        0.16943905429001066,
        0.18085285060250075,
        0.18497005216540044,
        0.1723651503254274,
        0.15517951521998757,
        0.18396947200700736,
        0.1631273482303331,
        0.21718182981868459,
        0.15958354230614225,
        0.18538244870627762,
        0.1547612550247247,
        0.1866316459598435,
        0.19080478133289677,
        0.18787481899189343,
        0.17824230936302501,
        0.18196577507599143,
        0.18630706964974192,
        0.1898325567554896,
        0.17832737579751926,
        0.17852654478922012,
        0.15684342877880023
    ],
    "val_acc": [
        90.88,
        92.8,
        92.46,
        93.82,
        93.78,
        94.3,
        93.88,
        94.14,
        94.56,
        95.2,
        94.76,
        95.16,
        94.58,
        95.5,
        95.22,
        95.98,
        95.28,
        95.1,
        95.48,
        95.6,
        95.78,
        95.54,
        95.4,
        96.1,
        95.92,
        96.12
    ],
    "val_f1": [
        0.9081242741476248,
        0.9275883336394812,
        0.924609521309319,
        0.9376837017712208,
        0.9373119920749045,
        0.9425762615286171,
        0.9387322471547422,
        0.9410175997739014,
        0.9452964703022555,
        0.951701596411937,
        0.9474160288364392,
        0.9510299543032966,
        0.9459188476667209,
        0.954817209977455,
        0.9522152356147773,
        0.9595314701162101,
        0.9526154000660743,
        0.9506413919525691,
        0.95444557606582,
        0.9559001366798224,
        0.9575866331791104,
        0.9553287903880869,
        0.953867251967681,
        0.9608552886096573,
        0.9591156736791007,
        0.9609775813246552
    ],
    "val_ece": [
        0.009051605127751827,
        0.007608842570334673,
        0.01448056846857071,
        0.010758835822343826,
        0.018346326425671577,
        0.014427685178816319,
        0.020533639937639236,
        0.023335598409175873,
        0.022515516728162766,
        0.019349899142980576,
        0.02277621626853943,
        0.021703168749809265,
        0.024997955188155174,
        0.022188816219568253,
        0.02469727024435997,
        0.018009375780820847,
        0.025943458080291748,
        0.027559563517570496,
        0.023451222106814384,
        0.022699899971485138,
        0.02402377873659134,
        0.025822121649980545,
        0.027153417468070984,
        0.023410160094499588,
        0.023061618208885193,
        0.024240970611572266
    ],
    "cal_weights": [
        0.0033333333333333335,
        0.006666666666666667,
        0.010000000000000002,
        0.013333333333333334,
        0.016666666666666666,
        0.020000000000000004,
        0.023333333333333334,
        0.02666666666666667,
        0.030000000000000002,
        0.03333333333333333,
        0.03666666666666667,
        0.04000000000000001,
        0.043333333333333335,
        0.04666666666666667,
        0.05,
        0.05333333333333334,
        0.05666666666666667,
        0.060000000000000005,
        0.06333333333333334,
        0.06666666666666667,
        0.07,
        0.07333333333333333,
        0.07666666666666667,
        0.08000000000000002,
        0.08333333333333333,
        0.08666666666666667
    ],
    "best_epoch": 16
}