{
    "model_name": "baseline_mutual_learning",
    "accuracy": 96.06,
    "f1_score": 0.9606898227930444,
    "precision": 0.9609758525464003,
    "recall": 0.9606,
    "ece": 0.023542599388957024,
    "per_class_accuracy": [
        96.8,
        97.1,
        94.9,
        93.5,
        97.2,
        92.4,
        96.9,
        97.3,
        97.3,
        97.2
    ],
    "baseline_type": "mutual_learning",
    "with_warmup": true,
    "timestamp": "20250419_174414"
}